Bank,Fiscal year,CET1 ratio,Cash and balances with central banks,Customer deposits,Debt securities issued / wholesale funding,Fee and commission expense,Fee and commission income,Impairment losses / credit loss expense,Interest expense,Interest income,Loan loss allowance,Loans and advances to customers (gross),Net interest income,Net profit,Operating expenses,Risk-weighted assets (RWA),Total assets,Total equity,Total operating income,asset_quality_value,asset_quality_type,asset_quality_ratio_label,year,roa,margin_proxy,cost_to_income,loans_to_assets,deposits_to_assets,loan_to_deposit,cost_of_risk,log_assets,loan_growth,country,internet_banking,internet_frequent,internet_purchases,post2020,z_banking,z_freq,z_purchases,digital_index_2,digital_index_3,gdp_growth,unemployment,inflation,policy_rate
ABN AMRO,2015,15.5,26195,230297,85915,1233,3061,505,7130,13207,4355,263674,6076,1924,5228,108001,390317,17584,8455,2.7,Impaired,Impaired ratio,2015,0.00492932667549709,0.01556683413738064,0.6183323477232406,0.6755380882718406,0.590025543340413,1.144930242252396,0.00191524382381273,12.874714508458952,NA,Netherlands,84.53,85.14,59.39,0,1.1099695110656118,1.0787575580830893,0.9375744050582532,1.0943635345743503,1.042100491402318,2.1,7.9,0.2,-0.2063013698630137
ABN AMRO,2016,17,21861,228758,92449,1340,3082,114,6383,12651,3666,266551,6267,1806,5657,104215,394482,18937,8227,3.3,Impaired,Impaired ratio (Total Loans and receivables - customers),2016,0.00457815565729234,0.01588665642538823,0.6876139540537255,0.6756987644556659,0.5798946466505442,1.165209522727074,4.276855085893506e-4,12.88532879085068,0.01091120095269149,Netherlands,84.69,86.49,62.64,0,1.054024790825551,1.002459297838766,0.98531026471962,1.0282420443321585,1.0139314511279789,2.4,7,0.1,-0.3795081967213115
ABN AMRO,2017,17.7,29783,236699,86331,1391,3138,-63,6045,12502,2460,273666,6456,2791,5582,106157,393171,21330,9290,2.5,Impaired,Impaired ratio,2017,0.00709869242645057,0.01642033618959689,0.6008611410118407,0.6960482843342973,0.6020255817443301,1.156177254656758,-2.3020762535353313e-4,12.88199991072035,0.02669282801415118,Netherlands,88.91,89.72,68.05,0,1.1260837589078252,1.1212955502267388,1.1277177883269842,1.123689654567282,1.125032365820516,2.8,5.9,1.3,-0.4
ABN AMRO,2018,18.4,34371,236123,90589,1470,3169,655,6052,12645,2269,269961,6593,2325,5351,105391,381295,21360,9093,2.2,Stage3,Stage 3 Impaired ratio,2018,0.00609764093418481,0.01729107384046473,0.588474650830309,0.70801085773482475,0.619265922710762,1.1433066664407956,0.00242627638807086,12.851328632725322,-0.01353840082436252,Netherlands,88.94,90.23,69.82,0,1.1242132681685049,1.073678370182718,1.1871724373538273,1.0989458191756114,1.1283546919016834,2.3,4.9,1.6,-0.4
ABN AMRO,2019,18.1,27061,234991,85316,489,2121,657,3588,10056,2426,267185,6468,2046,5268,109825,375054,21471,8605,2.5,Stage3,Stage 3 Impaired ratio,2019,0.00545521444911932,0.01724551664560303,0.6122022080185938,0.712390749065468,0.6265524431148581,1.1370009915273351,0.002458970376331,12.834825294585544,-0.01028296679890794,Netherlands,90.63,91.86,69.88,0,1.1004138726687118,1.0136818458066723,0.9917727372014474,1.057047859237692,1.0352894852256105,2.3,4.4,2.7,-0.42876712328767125
ABN AMRO,2020,17.7,60190,238570,75018,695,2253,2303,1952,7815,3467,255626,5863,-45,5256,110481,395623,20989,7916,3.4,Stage3,Stage 3 impaired ratio,2020,-1.137446508418368e-4,0.01481966417523753,0.6639717028802425,0.6461353359132306,0.6030235855852668,1.071492643668525,0.00900925570951311,12.88821701657554,-0.04326215917809761,Netherlands,89.41,90.71,77.32,1,0.95101645862555,0.7062198995192704,1.1268913852128917,0.8286181790724103,0.9280425811192374,-3.9,4.9,1.1,-0.5
ABN AMRO,2021,16.3,66865,251218,67237,550,2213,-46,1808,7018,2416,258715,5210,1234,5806,117693,399113,21999,7597,2.6,Stage3,Stage 3 ratio,2021,0.00309185619110377,0.01305394712775579,0.7642490456759247,0.648224938801793,0.6294407849406058,1.029842606819575,-1.7780182826662545e-4,12.89699986379623,0.0120840603068546,Netherlands,90.76,91.49,83.26,1,1.006083921636998,0.7374626018293355,1.23633069136058,0.8717732617331668,0.9932924049423044,6.3,4.2,2.8,-0.5
ABN AMRO,2022,15.2,60865,255015,63549,493,2271,39,2512,7934,2026,258212,5422,1867,5425,128593,379581,22814,7841,2,Stage3,Stage 3 ratio,2022,0.00491858127777733,0.01428417123090987,0.6918760362198699,0.6802553341710992,0.6718328894228109,1.0125365174597574,1.5103868139358358e-4,12.846823291778191,-0.00194422433952423,Netherlands,90.72,92.63,79.48,1,0.96948907713296,0.8626094995179294,1.1472764842594094,0.9160492883254449,0.993125020303433,5,3.5,11.6,0.011643835616438355
ABN AMRO,2023,14.3,53656,254466,71800,498,2281,-158,9904,16183,1602,253446,6278,2697,5233,140187,377909,24168,8618,1.9,Stage3,Stage 3 ratio,2023,0.00713663871461118,0.0166124649055725,0.6072174518449757,0.6706535171165545,0.6733525795892662,0.9959916059512862,-6.234069584842531e-4,12.84240870487828,-0.01845770142363634,Netherlands,95.13,97.67,84.2,1,1.1216455931518692,1.5117577981047128,1.3352652017076911,1.316701695628291,1.322889530988091,-0.6,3.6,4.1,3.3075342465753423
ABN AMRO,2024,14.5,44464,256186,81155,504,2414,-21,10604,17108,1364,254730,6504,2403,5467,140871,385047,26108,8861,2.1,Stage3,Stage 3 ratio,2024,0.00624079657808007,0.01689144442107067,0.616973253583117,0.6615556023030955,0.665336958864762,0.9943166293240068,-8.244023083264634e-5,12.861120683741095,0.00506616794109993,Netherlands,96.35,98.3,86.66,1,1.1445016029095765,1.439977875098218,1.4133757723483475,1.292239739003897,1.3326184167853807,1.1,3.7,3.2,3.73224043715847
AIB Group,2015,13,4950,63383,7001,44,449,925,1028,2955,6900,70100,1927,1380,1678,59200,103122,12148,2628,19,Impaired,Impaired loans are 19% of total gross loans,2015,0.01338220748239948,0.01868660421636508,0.6385083713850838,0.6797773510986986,0.6146409107658889,1.1059747881924176,0.01319543509272467,11.543668032304742,NA,Ireland,51.47,66.97,43.75,0,-0.16645113961900992,-0.339339780426477,0.02346471577170398,-0.25289546002274343,-0.16077540142459432,24.6,9.9,0,-0.2063013698630137
AIB Group,2016,15.3,6519,63502,6880,35,430,294,598,2611,4589,65228,2013,1356,1571,54200,95622,13148,2919,14,Other,Total % of total gross loans,2016,0.0141808370458681,0.02105164083579092,0.538198013018157,0.6821442764217439,0.6640940369371066,1.0271802462914554,0.00450726681793095,11.46815819808769,-0.06950071326676177,Ireland,52.34,69.57,41.35,0,-0.22618752564807704,-0.38153068238798665,-0.23463138863961663,-0.30385910401803184,-0.28078319889189346,1.2,8.4,-0.2,-0.3795081967213115
AIB Group,2017,17.5,6364,64572,4590,45,436,113,305,2481,3345,63338,2176,1114,1835,51823,90062,13612,3001,16,Other,Total non performing loans / Total loans (%),2017,0.01236925673424974,0.02416113344140703,0.611462845718094,0.7032710799227199,0.716972752104106,0.9808895496500032,0.00178407906785815,11.408253601026258,-0.02897528668669891,Ireland,57.64,70.18,44.38,0,-0.12424754224787923,-0.5063567652527147,-0.2376776918062964,-0.31530215375029697,-0.2894273331022968,10.1,6.7,0.3,-0.4
AIB Group,2018,17.5,6516,67699,5745,41,498,204,266,2366,2039,62907,2100,1092,1823,51439,91536,13858,2874,10,NPL,Total non-performing loans/ Total loans (%),2018,0.01192973256423702,0.0229417933927635,0.6343075852470424,0.6872378080755113,0.7395887956650935,0.929216088863942,0.00324288235013591,11.42448761650831,-0.00680476175439703,Ireland,57.67,73.84,52.06,0,-0.19321970229321023,-0.43745465140646456,0.12821357100958497,-0.3153371768498374,-0.16748692756336328,7.7,5.8,0.7,-0.4
AIB Group,2019,17.3,11982,71803,6831,71,543,-16,294,2370,1238,62126,2076,364,2181,51999,98562,14230,2655,5.4,NPL,Non-performing loans ratio,2019,0.00369310687688967,0.02106288427588725,0.8214689265536723,0.630324059982549,0.7285059150585418,0.8652284723479521,-2.575411260985739e-4,11.498441070769257,-0.01241515252674585,Ireland,67.39,82.51,59.19,0,0.08486472396584277,0.0893775239218024,0.3429674688142589,0.08712112394382258,0.1724032389006347,5,5,0.9,-0.42876712328767125
AIB Group,2020,15.6,25550,81972,5450,169,564,-1460,255,2127,-2510,59455,1872,-741,1859,52579,110385,13421,2373,7.3,NPL,Total non-performing loans/Total loans (%),2020,-0.00671286859627666,0.01695882592743579,0.7833965444584914,0.5386148480318884,0.7426008968609865,0.7253086419753086,-0.02455638718358422,11.61172953402881,-0.04299327173808065,Ireland,68.99,83.72,64.05,1,0.02578294398019631,-0.0725627469277058,0.3376760405722377,-0.02338990147375474,0.09696541254157608,7.2,5.9,-0.5,-0.5
AIB Group,2021,16.6,42654,92866,5819,160,640,238,290,2084,-1885,58393,1794,645,2006,52358,127875,13660,2379,5.4,NPL,Non-performing loans ratio,2021,0.00504398826979472,0.01402932551319648,0.8432114333753677,0.4566412512218963,0.7262248289345064,0.6287877156332781,0.00407583100714126,11.758808503253928,-0.0178622487595661,Ireland,76.87,94.65,78.82,1,0.3143069275740004,1.11833546603423,0.9574107625447962,0.7163211968041152,0.7966843853843422,16.3,6.2,2.4,-0.5
AIB Group,2022,16.3,38138,102400,7200,177,765,-7,353,2512,1618,61231,2159,765,2063,55333,129752,12261,2913,3.5,NPL,Non-performing loans as a % of total loans and advances to customers,2022,0.0058958628768728,0.01663943523028547,0.7082046000686577,0.4719079474690178,0.7891978543683335,0.597958984375,-1.1432117718149303e-4,11.773380215167526,0.04860171595910478,Ireland,82.87,89.8,74.45,1,0.5562058401312239,0.388376348771642,0.8145583273042211,0.4722910944514329,0.5863801720690289,7.5,4.5,8.1,0.011643835616438355
AIB Group,2023,15.8,38018,104782,8423,173,806,-172,804,4645,-1520,67011,3841,2058,2142,59463,136349,15077,4722,3,NPL,Non-performing loans as a % of total loans and advances to customers,2023,0.01509362004855187,0.02817035695164614,0.4536213468869123,0.49146675076458207,0.7684838172630529,0.6395277814891871,-0.00256674277357448,11.8229730541801,0.09439662915843285,Ireland,83.77,90.93,80.49,1,0.48961642414030304,0.30074504942895014,1.0822984050608369,0.3951807367846266,0.6242199595433633,-2.5,4.3,5.2,3.3075342465753423
AIB Group,2024,15.1,37315,109883,8832,164,845,-55,1247,5376,-1344,71233,4129,2351,2195,62030,141266,15437,4928,2.7,Stage3,Computed: Stage 3 loans / Total gross loans (amortised cost),2024,0.01664236263502895,0.02922854756275395,0.445413961038961,0.5042473064997948,0.7778446335282375,0.6482622425670941,-7.721140482641472e-4,11.858399916929915,0.06300458133739228,Ireland,86.71,98.26,85.94,1,0.5689141644856479,1.431998207955633,1.3617871773297283,1.0004561862206405,1.1208998499236698,2.6,4.3,1.3,3.73224043715847
BBVA,2015,NA,43467,403069,66165,1729,6340,-4272,8761,24783,NA,NA,16022,2642,10836,NA,750078,55439,23362,NA,NA,NA,2015,0.00352230034743053,0.0213604451803679,0.46383015152812257,NA,0.5373694469108546,NA,NA,13.527932480104868,NA,Spain,39.37,64.25,32.07,0,-0.6336226421381849,-0.5516251277432639,-0.6591952056392227,-0.5926238849407244,-0.6148143251735572,4.1,22.1,-0.6,-0.2063013698630137
BBVA,2016,NA,43184,401465,74581,2086,6804,-3835,10648,27708,-9428,NA,17059,3475,10323,NA,731856,55428,24655,6.8,NPL,Non-performing loans and advances as a % of the total,2016,0.00474820183205439,0.02330923023108371,0.4186980328533766,NA,0.5485573664764654,NA,NA,13.5033390522798,NA,Spain,43.15,66.79,34.9,0,-0.5898707153974634,-0.6089238351675583,-0.6042238576000244,-0.5993972752825109,-0.6010061360550154,2.9,19.6,-0.3,-0.3795081967213115
BBVA,2017,11.7,42680,376379,63915,2229,7150,-4803,11537,29296,-6950,400369,17758,3519,11112,361686,690059,53283,25270,5.4,NPL,Non-performing loans and advances as a % of the total,2017,0.00509956395032888,0.02573403143789154,0.4397309062129007,0.5801953166323459,0.5454301733619878,1.0637389439899676,-0.0119964332902897,13.444532380164285,NA,Spain,46.18,68.98,40.02,0,-0.5824757709413354,-0.6063149422524767,-0.48918273166185633,-0.594395356596906,-0.5593244816185562,2.9,17.2,2,-0.4
BBVA,2018,11.6,58196,375970,61112,2253,7132,-3981,12239,29831,12493,386225,17591,5324,11702,348254,676689,52874,23747,3.9,NPL,NPL ratio (%),2018,0.00786772062202873,0.02599569373818696,0.4927780351202257,0.5707570242755534,0.5556023520405977,1.027276112455781,-0.01030746326623082,13.424967066731318,-0.03532741046384713,Spain,48.66,72.08,43.46,0,-0.5728190327652302,-0.5997239691610081,-0.3845705647201723,-0.5862715009631192,-0.5190378555488036,2.4,15.3,1.7,-0.4
BBVA,2019,11.98,44303,384219,63963,2489,7522,-4151,12859,31061,-12427,394763,18202,3512,11902,364448,698690,54925,24542,3.8,NPL,NPL ratio,2019,0.00502654968584064,0.02605161087177432,0.484964550566376,0.5650045084372183,0.5499134093804119,1.0274426824285108,-0.01051516986141051,13.45696243214386,0.02210628519645285,Spain,54.88,77.61,46.93,0,-0.4618013625347121,-0.3950172543921945,-0.4011253834239949,-0.42840930846345326,-0.4193146667836338,2,14.1,0.8,-0.42876712328767125
BBVA,2020,11.73,65520,409122,61780,1857,5980,-5179,7797,22389,-13133,378139,14592,1305,10755,364448,736176,50020,20166,4,NPL,NPL ratio,2020,0.00177267392580035,0.01982134706917911,0.5333234156501041,0.5136529851557237,0.55573938840712,0.9242695332932476,-0.01369602183324121,13.509224499558671,-0.04211134275502015,Spain,62.1,83.07,53.82,1,-0.2864040744285442,-0.14498173407942816,-0.2707394059744006,-0.21569290425398616,-0.234041738160791,-10.9,15.5,-0.3,-0.5
BBVA,2021,12.75,67799,349761,55763,2232,6997,-3034,8329,23015,-11116,330055,14686,4653,9530,307331,662885,48760,21066,4.1,NPL,NPL ratio (%),2021,0.00701931707611425,0.02215467237907027,0.452387733789044,0.4979068767584121,0.5276345067394796,0.9436586697773622,-0.00919240732605171,13.404356800126132,-0.12715958946313388,Spain,65.16,85.83,55.22,1,-0.26889743531136373,0.05526626910791344,-0.5251366068363928,-0.10681558310172516,-0.2462559243466144,6.7,14.9,3,-0.5
BBVA,2022,12.61,79756,393856,55429,2907,8261,-3379,12279,31432,11764,369260,19153,6420,10760,336920,713140,50615,24890,3.4,NPL,NPL Ratio,2022,0.00900243991362144,0.02685727907563732,0.4323021293692246,0.5177945424460835,0.5522842639593909,0.9375507799805004,-0.00915073390023289,13.477433033557803,0.11878323309751404,Spain,69.6,87.11,55.26,1,-0.14242709681311308,-0.0623965047645816,-0.4547978221928101,-0.10241180078884736,-0.2198738079235016,6.4,13,8.3,0.011643835616438355
BBVA,2023,12.67,75416,413487,77750,3611,9899,-4428,24761,47850,11762,388912,23089,8019,12309,363916,775558,55265,29542,3.4,NPL,NPL ratio,2023,0.01033965222459184,0.02977082307190436,0.41666102498138247,0.5014608836476446,0.5331477465257273,0.9405664506985708,-0.01138560908380302,13.561338049259833,0.05321995342035413,Spain,71.45,89.98,55.85,1,-0.195823660562381,0.13005334152954676,-0.5977829613484545,-0.03288515951641713,-0.22118442679376293,2.5,12.2,3.4,3.3075342465753423
BBVA,2024,12.84,51145,447646,69867,5048,13036,-5745,36392,61659,11905,424087,25267,10575,12660,370165,772402,60014,35481,3.3,NPL,NPL ratio,2024,0.0136910572473919,0.03271224051724361,0.3568106874101632,0.5490495881678193,0.5795505449234983,0.9473713604053204,-0.01354674866242068,13.557260418865097,0.0904446250051425,Spain,74.96,91.54,56.7,1,-0.13265766139414056,0.091414128001103,-0.7332829870375309,-0.02062176669651878,-0.25817550681018947,3.5,11.4,2.9,3.73224043715847
BNP Paribas,2015,11,134547,700309,159447,5720,13335,-3797,18828,41381,27676,708691,22553,7044,29254,629626,1994193,100077,42938,NA,NA,NA,2015,0.00353225590502022,0.01130933665898937,0.6813079323675998,0.3553773381011768,0.3511741340983546,1.011969002254719,-0.00535776523195581,14.505750015191149,NA,France,58.28,67.84,49.43,0,0.09647761510459192,-0.2714396877185338,0.35544317070441495,-0.08748103630697093,0.06016036603015769,1.1,10.3,0.1,-0.2063013698630137
BNP Paribas,2016,11.6,160400,765953,153422,5563,12765,-3262,18518,40894,28475,739278,22376,8115,29378,638207,2076959,105220,43411,3.8,Other,DOUBTFUL LOANS(*)/LOANS(**),2016,0.00390715464291784,0.01077344328896237,0.6767409182004561,0.35594251017954615,0.3687858065566051,0.965174103371878,-0.00441241319233089,14.546415362653784,0.04315985387143328,France,59.36,70.4,52.27,0,0.0516205257165246,-0.31363992094660237,0.3910972564840502,-0.1310096976150389,0.04302595375132414,0.9,10.1,0.3,-0.3795081967213115
BNP Paribas,2017,11.9,178446,766890,148156,5777,13231,-2907,19011,40785,25999,752361,21774,8207,29944,640644,1960252,107209,43161,3.3,Other,DOUBTFUL LOANS(*)/LOANS(**),2017,0.00418670660710969,0.01110775553347222,0.6937744723245522,0.3838083062789886,0.3912201084350379,0.9810546492978132,-0.00386383664225019,14.488583594370674,0.01769699625851162,France,62.01,70.25,53.93,0,0.05048695682632687,-0.5005258715943959,0.3132106409048498,-0.2250194573840345,-0.04560942462107307,2.1,9.4,1.2,-0.4
BNP Paribas,2018,11.8,185119,796548,151451,3718,12925,-2764,14661,35723,25980,789952,21062,8005,30583,647001,2040836,105726,42516,2.6,Other,DOUBTFUL LOANS(*)/LOANS(**),2018,0.0039224121879465,0.01032028051249586,0.7193291937153071,0.38707274861870333,0.3903047574621381,0.9917192686441996,-0.0034989467714494,14.528870085795274,0.04996404651490449,France,63.48,75.24,55.33,0,0.05156077606887993,-0.30837678501080606,0.32319079471148077,-0.12840800447096307,0.02212492858985154,1.6,9,2.1,-0.4
BNP Paribas,2019,12.1,155135,834667,157578,3900,13265,-3203,16200,37327,23040,826953,21127,8583,31337,668828,2164713,111845,44597,2.2,Other,DOUBTFUL LOANS(*)/LOANS(**),2019,0.00396495978912678,0.00975972334438791,0.7026705832230867,0.38201507543956176,0.38557859633124575,0.9907579909113456,-0.00387325519104471,14.587798347121016,0.04683955480839352,France,65.55,77.32,57.96,0,0.00445979997215588,-0.4236855167822071,0.26831541267616343,-0.2096128584050256,-0.05030343471129593,2,8.4,1.3,-0.42876712328767125
BNP Paribas,2020,12.8,308703,940991,148303,3737,13599,-5717,12277,33589,23452,830979,21312,7415,30194,695523,2488491,117349,44275,2.1,Other,DOUBTFUL LOANS(*)/LOANS(**),2020,0.00297971742714761,0.00856422627206608,0.681964991530209,0.3339288749688064,0.3781371923788352,0.8830892112676955,-0.00687983691525297,14.72718706063768,0.0048684749919281,France,NA,NA,NA,1,NA,NA,NA,NA,NA,-7.4,8,0.5,-0.5
BNP Paribas,2021,12.89,347883,957684,149723,4675,15037,-2971,10280,29518,21959,833935,19238,9880,29466,713671,2634444,122507,43762,2,Other,DOUBTFUL LOANS(*)/LOANS(**),2021,0.00375031695492483,0.00730248963348623,0.6733238883049221,0.3165506649600447,0.3635241439939509,0.870783055788757,-0.00356262778274086,14.784182712000169,0.00355724994253758,France,71.6,77.69,65.6,1,0.05184006229595833,-0.9258429443819064,0.12693295647618083,-0.437001441042974,-0.24902330853658905,6.9,7.9,2.1,-0.5
BNP Paribas,2022,12.33,318560,1008054,154143,4444,14622,-3004,20251,41082,20245,875301,20831,10597,31695,744851,2666376,126555,47631,1.7,Other,DOUBTFUL LOANS(*)/LOANS(**),2022,0.00397430819959375,0.00781247655994503,0.6654279775776281,0.32827365682859433,0.3780614586989982,0.8683076501854068,-0.00343196226212468,14.79623080503507,0.04960338635505157,France,67.86,82.46,63.48,1,-0.2340338270529881,-0.8416135192416985,0.08892847008783565,-0.5378236731473433,-0.32890629206895033,2.7,7.3,5.9,0.011643835616438355
BNP Paribas,2023,13.2,288259,988549,191482,5190,15011,-2907,60484,79542,19264,876712,19058,11406,30956,703694,2591499,128867,45874,1.7,Other,DOUBTFUL LOANS(*)/LOANS(**),2023,0.00440131367984321,0.00735404489833876,0.6748049003792999,0.3383030439139664,0.3814583760209824,0.8868675199711901,-0.00331579811842429,14.76774703073492,0.00161201689475953,France,72.41,84.08,65.78,1,-0.1424127448712631,-0.9300320022667458,0.0792952841241213,-0.5362223735690044,-0.3310498210046292,1.4,7.3,5.7,3.3075342465753423
BNP Paribas,2024,12.87,182496,1034857,198119,5495,16196,-2999,63496,83020,18514,917049,19524,12187,30193,762247,2704908,134141,48831,1.6,Other,DOUBTFUL LOANS /LOANS,2024,0.0045055136810568,0.00721799040854624,0.6183162335401692,0.33903149386226816,0.3825849160119309,0.8861601168084092,-0.0032702723627636,14.810578458593756,0.04600940787852803,France,71.88,87.87,69.31,1,-0.31655904213539565,-0.6407203323312077,0.17023393405245352,-0.4786396872333017,-0.26234848013804996,1.2,7.4,2.3,3.73224043715847
Banca Transilvania,2015,16.7,4997.93,38301.741,416.424,116.031,603.085,-797.514,464.802,2416.977,-2786.701,28012.315,1952.175,2448.761,1401.326,27587.989,47579.092,6240.813,2854.15,NA,Other,Not found,2015,0.05146716545158113,0.04103010204566325,0.4909783998738679,0.5887526184820845,0.8050120208262908,0.7313587912361477,-0.02847012108781441,10.770148700026262,NA,Romania,5.34,36.63,7.63,0,-1.947494231454509,-2.70725795601152,-2.087637712427155,-2.3273760937330144,-2.2474632999643944,3.2,8.4,-0.4,-0.2063013698630137
Banca Transilvania,2016,17.99,5293.66,41681.475,414.845,106.629,652.9,-1027.514,263.533,2027.566,-2243.865,29477.91,1764.033,1277.013,1913.665,NA,51735.268,6153.728,2972.502,NA,NA,NA,2016,0.02468360654863139,0.03409730089732984,0.6437893061131666,0.5697836531937942,0.8056684851811341,0.707218494547038,-0.03485708450836575,10.853894994271116,0.05231966726063164,Romania,5.06,42.41,7.75,0,-2.0972366237276177,-2.603112707385539,-2.1599502967124375,-2.3501746655565783,-2.2867665426085315,2.9,7.2,-1.1,-0.3795081967213115
Banca Transilvania,2017,18.37,6637.725,48932.195,414.578,143.8,744.313,-29.221,211.802,2102.621,-1824.511,31896.727,1890.819,1242.468,1447.97,33062.167,59804.969,7140.112,2890.592,NA,NA,NA,2017,0.02077533055823505,0.03161641969917249,0.5009250700202588,0.5333457659680418,0.8181961435344947,0.6518556341075645,-9.161128036741826e-4,10.998844030132124,0.08205524068700942,Romania,6.83,46.73,11.05,0,-2.1558859628337874,-2.4597061407897267,-2.1603068152892817,-2.3077960518117573,-2.258632972970932,8.2,6.1,1.1,-0.4
Banca Transilvania,2018,16.4,10322.121,65160.466,1655.377,252.233,1029.941,-364.421,432.5,3182.049,-2673.308,40490.392,2749.549,1260.68,2398.712,46104.519,77896.754,7880.073,3945.463,NA,NA,NA,2018,0.01618398630577084,0.03529735013091816,0.6079671764758661,0.5197956258870555,0.8364978340432516,0.6213950649155885,-0.00900018453760585,11.26313956218451,0.26942153030309357,Romania,6.87,53.38,13.48,0,-2.333468979538338,-2.323835470303028,-2.172159912299023,-2.328652224920683,-2.276488120713463,5.4,5.3,4.1,-0.4
Banca Transilvania,2019,17.04,11391.107,77037.06,1700.207,327.638,1147.939,-292.646,580.647,3654.392,-2781.031,43134.878,3073.745,1847.893,2483.403,51581.043,91722.281,9213.836,4614.986,NA,NA,NA,2019,0.02014660974251174,0.03351143218952437,0.5381171253823955,0.47027698755114905,0.839894725252199,0.5599237302150419,-0.00678444019245864,11.42652060582964,0.06531144474965811,Romania,8.36,56.7,14.59,0,-2.494647593070749,-2.4620978287892683,-2.363928225298802,-2.4783727109300084,-2.4402245490529397,4,4.9,3.9,-0.42876712328767125
Banca Transilvania,2020,18.37,22133.211,90942.415,1667.761,375.479,1151.94,-865.84,683.332,3660.425,-3498.298,44286.658,2977.093,1424.078,2915.204,57543.951,107492.397,10414.358,4537.632,NA,NA,NA,2020,0.01324817419412463,0.02769584717698685,0.6424505116324991,0.4119980504295574,0.8460357898614913,0.486974730108058,-0.01955080918501459,11.585175398467287,0.02670182584033287,Romania,11.65,62.09,22.11,1,-2.5723017636478436,-2.48244381168423,-2.1566488693169132,-2.527372787666037,-2.403798148216329,-3.6,6.1,2.3,-0.5
Banca Transilvania,2021,22.5,18320.913,108021.629,7929.5,471.518,1432.875,-385.844,553.634,3695.753,-3935.719,58459.285,3142.119,2024.533,2638.616,51728.52,132501.19,10564.134,4934.037,NA,NA,NA,2021,0.01527935711369837,0.02371389268277515,0.5347783164171651,0.441198188484194,0.8152502554882715,0.5411812943498566,-0.00660021757022857,11.79434690550016,0.3200202417622029,Romania,15.49,68.81,23.05,1,-2.7426600915467194,-1.996143904552618,-2.546049694675074,-2.369401998049669,-2.4282845635914705,5.6,5.6,4.1,-0.5
Banca Transilvania,2022,NA,14540.717,119731.729,4840.928,613.492,1781.324,-553.162,1602.95,5769.63,NA,NA,4426.659,2488.417,2983.748,NA,140510.795,8918.866,6279.956,NA,NA,NA,2022,0.01770979233303747,0.03150404920846116,0.4751224371635725,NA,0.8521176540208174,NA,NA,11.853039597544669,NA,Romania,19.19,77.17,27.09,1,-2.7963898964637535,-1.7280776066791042,-2.3181517946436365,-2.262233751571429,-2.280873099262165,4.2,5.6,12,0.011643835616438355
Banca Transilvania,2023,NA,24252.6,138052.954,9548.567,774.686,2058.966,-420.716,3579.328,8432.799,NA,NA,5213.58,2984.501,3523.631,NA,169169.225,13224.262,7742.682,NA,NA,NA,2023,0.0176421036391223,0.03081872604192636,0.4550917886076168,NA,0.816064233905428,NA,NA,12.038654824268326,NA,Romania,21.89,82.07,31.72,1,-2.9531621831163615,-1.2911797210854834,-2.243089916358853,-2.122170952100922,-2.1624772735202327,2.3,5.6,9.7,3.3075342465753423
Banca Transilvania,2024,NA,21950.258,167827.766,12237.715,1027.277,2515.108,-657.077,4323.348,10692.264,NA,NA,6907.762,4731.969,4863.28,NA,207031.042,16628.874,10067.765,NA,NA,NA,2024,0.02285632605761603,0.03336582733327498,0.48305458063433143,NA,0.8106405898300024,NA,NA,12.240624022357084,NA,Romania,27.72,85.31,35.69,1,-2.953274942633392,-1.1514190294567437,-2.238666850011407,-2.052346986045068,-2.1144536073671807,0.9,5.4,5.8,3.73224043715847
Banco Comercial Português,2015,13.3,1840.317,51538.583,4768.269,109.598,802.46,-833.024,1014.526,2316.101,-3468.084,55438.243,1301.575,235.344,1106.526,43315.42,74884.879,5680.571,2510.159,6.6,Other,GROUP [Main Credit Risk Indicators],2015,0.00314274394434155,0.01738101226016536,0.44081908755580823,0.7403129141732339,0.6882375145454932,1.0756648664554864,-0.01502616163358568,11.22370726661428,NA,Portugal,28.22,55.47,22.63,0,-1.064115390327342,-1.2368697415084808,-1.2109340462316156,-1.1504925659179115,-1.1706397260224797,1.6,13,0.5,-0.2063013698630137
Banco Comercial Português,2016,12.4,1573.912,48797.647,3512.82,100.021,743.855,-1116.916,679.871,1909.997,-3740.851,51758.453,1230.126,23.938,779.996,39159.79,71264.811,5265.181,2022.46,10.9,Other,Credit at risk Total loans,2016,3.3590210461654065e-4,0.01726133813783635,0.38566696003876466,0.7262834528530497,0.6847369173546254,1.0606751796864304,-0.0215793930317044,11.174157950212368,-0.06637638209421615,Portugal,28.87,59.53,23.27,0,-1.1549845292844312,-1.2027635075343568,-1.270636324888325,-1.178874018409394,-1.209461453902371,2,11.5,0.6,-0.3795081967213115
Banco Comercial Português,2017,13.2,2167.934,51188,3820.302,114.517,781.214,-623.708,522.935,1914.21,-3321.931,50955.423,1391.275,186.391,954.181,40171.114,71939,5931.851,2101.708,15,NPE,Non-performing exposures / Loans and advances to customers (*),2017,0.00259095900693643,0.01933964886918083,0.4540026492738287,0.7083143079553511,0.7115472831148612,0.9954564155661484,-0.01224026734112284,11.183573816680386,-0.01551495366370392,Portugal,31.29,62.62,25.45,0,-1.17785258815299,-1.1360932803512147,-1.3296479680599091,-1.1569729342521025,-1.214531278854705,3.3,9.2,1.6,-0.4
Banco Comercial Português,2018,12.1,2753.839,52664.687,1686.087,144.471,828.49,-465.468,466.108,1889.739,-2851.906,48412.832,1423.631,301.065,1027.213,41883.032,75923.049,6963.906,2059.433,6.1,NPL,NPL > 90 days / Credit to clients (gross),2018,0.00396539659517625,0.01875097244843262,0.4987843741456993,0.6376565830489763,0.6936587465026596,0.919265541253478,-0.00961455838815626,11.23747559317286,-0.04989833957418033,Portugal,38.55,63.91,26.82,0,-0.998762343650038,-1.3529855180556771,-1.3767482412949583,-1.1758739308528576,-1.2428320343335575,2.9,7.2,1.2,-0.4
Banco Comercial Português,2019,12.2,5166.551,59127.005,1594.724,160.859,864.356,-390.308,442.917,1991.445,-2417.022,52264.851,1548.528,302.003,1169.472,45031.478,81643.408,7381.254,2338.384,2.7,NPL,NPL > 90 days / Gross credit,2019,0.00369904940763864,0.01896696913974977,0.5001197408124585,0.6401600849391295,0.7242103979784872,0.8839421343935822,-0.00746788697436447,11.310116360295533,0.07956607454816944,Portugal,41.95,65.42,28.22,0,-1.026820746903391,-1.6000728355447689,-1.5366863349229942,-1.31344679122408,-1.3878599724570513,2.7,6.6,0.3,-0.42876712328767125
Banco Comercial Português,2020,12.2,5303.864,63000.829,1388.849,152.874,855.53,-513.412,272.408,1805.583,-2036.522,54157.337,1533.175,183.012,1119.344,46413.048,85813.421,7386.27,2244.083,3.1,NPL,Non-performing loans (NPL) > 90 days / Loans to customers (gross),2020,0.00213267339615792,0.01786637780120664,0.4987979499866983,0.6311056751833726,0.7341605574727058,0.8596289582157721,-0.00948000822123141,11.359930695154844,0.03620953592692722,Portugal,47.06,70.44,35.25,1,-0.967868915773604,-1.5521383613505746,-1.375165099265806,-1.2600036385620892,-1.2983907921299949,-8.2,7.1,-0.1,-0.5
Banco Comercial Português,2021,11.7,7796.299,69560,2188.363,147.541,875.264,-352.833,120.523,1709.124,-1867.365,58231,1588.601,138.082,1115.598,45932.529,92904.812,7062.057,2274.895,4.8,NPL,NPL ratio (Loans and Advances),2021,0.00148627392949247,0.01709923270712823,0.4903953808857112,0.6267813124685081,0.7487233277001841,0.8371334100057505,-0.00605919527399495,11.43933072109234,0.07521904188161987,Portugal,52.83,74.56,40.44,1,-0.8829802529353206,-1.3030999269646004,-1.4536133068132566,-1.0930400899499606,-1.213231162237726,5.6,6.7,0.9,-0.5
Banco Comercial Português,2022,12.5,6022.001,75906.814,2823.093,171.866,943.774,-300.829,587.463,2737.235,-1515,57713,2149.772,197.386,1073.018,43106,89876.743,5936.767,2788.614,1.3,NPL,NPL > 90 days / Loans to customers (gross),2022,0.00219618550262774,0.02391911331277324,0.3847854166980443,0.6421349736716649,0.8445656959331515,0.7603138237365621,-0.00521249978341101,11.40619448843752,-0.00889560543353196,Portugal,57.45,79.61,42.67,1,-0.7820947821087937,-1.3191981410179945,-1.2875854158440667,-1.050646461563394,-1.129626112990285,7,6.2,8.1,0.011643835616438355
Banco Comercial Português,2023,15.4,4545.526,79215,4000,172.638,944.311,-247.992,1545.565,4371.289,-1582.65,54887.809,2825.724,856.05,1162.551,39725,94379.778,7299.498,3683.58,1.3,NPL,NPL > 90 days / Loans to customers (gross),2023,0.00907026926891054,0.02993993056436305,0.31560357043962667,0.5815632348700799,0.8393217453849064,0.6928966609859244,-0.00451816176521092,11.455082113084352,-0.04895241973212272,Portugal,58.88,81.11,43.95,1,-0.8951728378929609,-1.4636681838048788,-1.4091858939893056,-1.17942051084892,-1.256008971895715,3.1,6.5,5.3,3.3075342465753423
Banco Comercial Português,2024,16.5,5589.03,81992.851,4252.826,187.526,996.066,-182.4,1884.981,4715.834,-1486.733,55393.791,2830.853,906.378,1307.2,40490,105518.849,7931.659,3574.6,1.1,NPL,NPL > 90 days / Loans to customers (gross),2024,0.0085897259929361,0.02682793668456334,0.3656912661556538,0.5249658380940072,0.7770445922889094,0.6755929367549374,-0.00329278781443212,11.566644879446944,0.00921847691169452,Portugal,63.49,84.22,48.94,1,-0.8175111799338145,-1.368864959092226,-1.2892934000159832,-1.0931880695130205,-1.158556513014008,2.2,6.5,2.7,3.73224043715847
Banco Santander,2015,10.05,81329,683122,205029,3009,13042,-10108,24386,57198,27121,817365,32189,5966,21571,583893,1340260,98753,45272,4.36,NPL,NPL ratio,2015,0.00445137510632265,0.02401698177965469,0.4764755257112564,0.609855550415591,0.5096936415322401,1.1965139462643568,-0.01236656817945471,14.108374182956483,NA,Spain,39.37,64.25,32.07,0,-0.6336226421381849,-0.5516251277432639,-0.6591952056392227,-0.5926238849407244,-0.6148143251735572,4.1,22.1,-0.6,-0.2063013698630137
Banco Santander,2016,10.55,76454,691111,228869,2763,12943,-9626,24067,55156,24835,814863,31089,6204,21088,588088,1339125,102699,44232,3.93,NPL,NPL ratio,2016,0.00463287594511341,0.02321590590870904,0.4767589075782239,0.6085040604872585,0.516091477643984,1.1790624082093903,-0.01181302869316682,14.10752697356486,-0.00306105595419425,Spain,43.15,66.79,34.9,0,-0.5898707153974634,-0.6089238351675583,-0.6042238576000244,-0.5993972752825109,-0.6010061360550154,2.9,19.6,-0.3,-0.3795081967213115
Banco Santander,2017,10.84,110995,777730,217966,2982,14579,-9259,21745,56041,23934,872849,34296,6619,22918,605064,1444305,106833,48355,4.08,NPL,NPL ratio,2017,0.00458282703445601,0.02374567698650908,0.4739530555268328,0.6043384188242789,0.5384804456122495,1.1223033700641611,-0.01060779126744717,14.183138794967917,0.07116042819467805,Spain,46.18,68.98,40.02,0,-0.5824757709413354,-0.6063149422524767,-0.48918273166185633,-0.594395356596906,-0.5593244816185562,2.9,17.2,2,-0.4
Banco Santander,2018,11.3,113663,780496,246619,3179,14664,-8986,19984,54325,23307,906228,34341,7810,22779,592319,1459271,107361,48424,3.73,NPL,NPL ratio,2018,0.00535198739644658,0.02353298324985557,0.470407236081282,0.6210141913325216,0.5348533617128004,1.161092433529448,-0.00991582692214321,14.193447553916746,0.03824143694957538,Spain,48.66,72.08,43.46,0,-0.5728190327652302,-0.5997239691610081,-0.3845705647201723,-0.5862715009631192,-0.5190378555488036,2.4,15.3,1.7,-0.4
Banco Santander,2019,11.65,101067,824365,208455,3570,15349,-9352,21502,56785,22242,964460,35283,6515,23280,605244,1522695,110659,49229,3.32,NPL,NPL ratio,2019,0.00427859814342333,0.02317141646882665,0.4728919945560543,0.6333901405074556,0.5413855039912786,1.1699429257671057,-0.00969661779648715,14.235992349182531,0.06425755990766113,Spain,54.88,77.61,46.93,0,-0.4618013625347121,-0.3950172543921945,-0.4011253834239949,-0.42840930846345326,-0.4193146667836338,2,14.1,0.8,-0.42876712328767125
Banco Santander,2020,12.34,153839,849310,235269,3198,13213,-12382,13747,45741,24272,939794,31994,-8771,21130,562580,1508250,91322,44279,3.21,NPL,NPL ratio,2020,-0.00581534891430465,0.02121266368307641,0.4772013821450349,0.6231022708436931,0.5631095640643129,1.1065382486960005,-0.0131752277626799,14.226460596303008,-0.02557493312319847,Spain,62.1,83.07,53.82,1,-0.2864040744285442,-0.14498173407942816,-0.2707394059744006,-0.21569290425398616,-0.234041738160791,-10.9,15.5,-0.3,-0.5
Banco Santander,2021,12.12,210689,918344,246163,3310,13812,-7407,13093,46463,23698,995646,33370,8124,21415,579478,1595835,97053,46404,3.16,NPL,NPL ratio,2021,0.00509075186344452,0.02091068312200196,0.4614903887595897,0.6239028470988542,0.575463002127413,1.0841754288153458,-0.00743939110888809,14.282907668188807,0.0594300453078016,Spain,65.16,85.83,55.22,1,-0.26889743531136373,0.05526626910791344,-0.5251366068363928,-0.10681558310172516,-0.2462559243466144,6.7,14.9,3,-0.5
Banco Santander,2022,12.04,223073,1025401,280339,4077,15867,-10863,32811,71430,22684,1058688,38619,9605,23903,609702,1734659,97585,52117,3.08,NPL,NPL ratio,2022,0.00553711132850894,0.02226316526764049,0.4586411343707428,0.6103147650345111,0.5911254027448622,1.0324624220183127,-0.01026081338411316,14.366321410259484,0.06331768520136682,Spain,69.6,87.11,55.26,1,-0.14242709681311308,-0.0623965047645816,-0.4547978221928101,-0.10241180078884736,-0.2198738079235016,6.4,13,8.3,0.011643835616438355
Banco Santander,2023,12.3,220342,1047169,308579,4264,16321,-12956,61991,105252,22788,1059137,43261,11076,25425,623652,1797062,104241,57423,3.14,NPL,NPL ratio,2023,0.00616339336094135,0.02407318167097184,0.4427668355885273,0.5893714295889624,0.5827116704932829,1.011428909755732,-0.01223260069282821,14.401663667118209,4.241098416153388e-4,Spain,71.45,89.98,55.85,1,-0.195823660562381,0.13005334152954676,-0.5977829613484545,-0.03288515951641713,-0.22118442679376293,2.5,12.2,3.4,3.3075342465753423
Banco Santander,2024,12.8,192208,1055936,325521,4592,17602,-12644,66067,112735,22125,1076194,46668,12574,26034,624477,1837081,107327,61876,3.05,NPL,NPL ratio,2024,0.00684455394182401,0.02540334367401328,0.4207447152369254,0.585817391829756,0.5747901154059075,1.0191848748408994,-0.01174881108796369,14.423688456856087,0.016104621026364,Spain,74.96,91.54,56.7,1,-0.13265766139414056,0.091414128001103,-0.7332829870375309,-0.02062176669651878,-0.25817550681018947,3.5,11.4,2.9,3.73224043715847
Bank of Cyprus,2015,14,1422.602,14180.681,0.712,9.1,162.557,-959,279.665,1122.105,4193.433,22592.475,842.44,-454.302,416,19666,23270.501,3077.331,1040,62,NPE,Non-performing exposures (NPEs)... accounting for % of gross loans,2015,-0.01952265660288104,0.03620205684441431,0.4,0.9708632830896076,0.6093844305285907,1.5931868857356002,-0.04244776192072803,10.054941785931357,NA,Cyprus,20.47,62.77,18.64,0,-1.3633368072301193,-0.6671333314303389,-1.444137221439629,-1.0152350693302292,-1.1582024533666957,3.4,15,-1.5,-0.2063013698630137
Bank of Cyprus,2016,14.5,1506.396,16509.741,850.014,18.216,184.874,-360.311,200.4,859.219,3552.242,20130.095,686.182,67.231,395,18865.224,22171.935,3106.105,963,55,NPE,Non-performing exposures (NPEs) ... accounting for % of gross loans,2016,0.00303225676965046,0.03094822350868338,0.4101765316718588,0.9079088045314944,0.7446233718437295,1.2192859354971104,-0.0178991206946614,10.006582578909924,-0.10899115745397514,Cyprus,27.72,68.52,22.14,0,-1.200494395248718,-0.4674165854162423,-1.335386633403869,-0.8339554903324802,-1.00109920468961,6.6,13,-1.2,-0.3795081967213115
Bank of Cyprus,2017,12.7,3393.934,17849.919,930,10.179,190.577,-1018.357,228.291,811.031,4152.261,18754.715,582.74,-554.325,555.072,17260,23598.6,2616.708,861,47,NPE,NPE ratio,2017,-0.02348974091683405,0.0246938377700372,0.6446829268292683,0.7947384590611308,0.756397371030485,1.0506890815582972,-0.05429871901545824,10.06894266722018,-0.06832456578073776,Cyprus,27.59,74.15,24.43,0,-1.3257971297032332,-0.17566179634516962,-1.3884863030719896,-0.7507294630242014,-0.963315076373464,5.8,11.1,0.7,-0.4
Bank of Cyprus,2018,12.1,4610.491,16843.558,830,23.636,178.907,-300.634,190.066,609.119,3852.218,15900.427,419.053,-102.033,399.696,15373.359,22075.271,2367.328,755.79,46.7,NPE,Ratio of NPE/Gross loans (%),2018,-0.00462204971345538,0.01898291531732498,0.5288453141745724,0.7202823014041367,0.7630057180271989,0.9440064266706594,-0.01890729098029883,10.002213301727496,-0.15219042251508486,Cyprus,33.28,76.79,19.7,0,-1.2207921407185776,-0.16546914721561082,-1.801285804829362,-0.6931306439670942,-1.0625156975878502,6.3,8.4,0.8,-0.4
Bank of Cyprus,2019,14.8,5060.042,16691.531,0,9.821,171.715,-263.322,142.201,508.177,2096.18,12821.838,365.976,-67.738,592.944,12890.003,21122.822,2288.627,687.94,30.3,NPE,Ratio of NPE/Gross loans (%),2019,-0.00320686317386947,0.01732609402285357,0.8619123760793092,0.607013494693086,0.7902131164102978,0.7681642864276501,-0.0205369932142334,9.958109346318428,-0.19361675004073783,Cyprus,40.54,79.19,31.13,0,-1.0884353897463794,-0.23882465240523257,-1.360070494791402,-0.663630021075806,-0.8957768456476713,5.9,7.2,0.5,-0.42876712328767125
Bank of Cyprus,2020,14.8,5653.315,16533.212,994.694,6.417,151.091,-317.251,106.711,436.709,1901.978,12261.404,329.998,-174.783,423.268,11636.375,21514.131,2075.054,570.638,25.2,NPE,Ratio of NPE/Gross loans (%),2020,-0.0081241022470301,0.01533866276076872,0.7417452044904124,0.5699232750790632,0.7684815157070485,0.741622619972453,-0.02587395374950535,9.9764652540317,-0.04370933402839738,Cyprus,52.12,88.36,31.11,1,-0.738599494416822,0.44439740750920015,-1.6213860131175248,-0.14710104345381095,-0.6385293666750489,-3.2,7.6,-1.1,-0.5
Bank of Cyprus,2021,15.1,9230.883,17530.883,2969.6,8.416,180.212,-46.144,92.249,388.549,791.83,10856.66,296.3,31.877,422.694,10694.229,24962.697,2081.227,553.891,12.4,NPE,Ratio of NPE/Gross loans (%),2021,0.00127698541547814,0.01186971103322689,0.7631357072059305,0.4349153458859033,0.7022832108245356,0.6192876879048248,-0.00425029428940392,10.125137869530686,-0.11456632535719402,Cyprus,64.71,88.56,43.82,1,-0.2913092169764718,0.384311496727964,-1.241282370012052,0.04650113987574611,-0.3827600300868533,11.4,7.2,2.3,-0.5
Bank of Cyprus,2022,15.2,9567.258,18998.319,1976.674,10.299,202.583,-126,80.661,450.968,178.442,10217.453,370.307,71.106,510,10114.215,25434.615,2100.67,709,4,NPE,NPE ratio,2022,0.00279563893536426,0.01455917457370595,0.7193229901269393,0.4017144745458108,0.7469473786019564,0.537808266089226,-0.01233184043029119,10.143866320519544,-0.05887694742213534,Cyprus,63.94,88.06,33.67,1,-0.440412207823282,0.09679836916085116,-1.8829061738155768,-0.17180691933121542,-0.7421733374926692,8.3,6.3,8.1,0.011643835616438355
Bank of Cyprus,2023,17.4,9614.502,19336.915,2043.868,7.32,188.343,-62.749,151.452,943.669,267.232,10069.828,792.217,487.207,383.486,10341.138,26628.577,2488.341,1092.264,3.6,NPE,NPE ratio,2023,0.01829639638648358,0.02975063218736772,0.35109277610541045,0.37815869770284755,0.7261715487087425,0.5207566977462537,-0.0062313874675913,10.18974024140576,-0.01444831701207727,Cyprus,70.86,90.77,50.57,1,-0.2286491191642143,0.2719969723090488,-0.9578003970075886,0.02167392657241725,-0.304817514620918,3.6,5.8,3.9,3.3075342465753423
Bank of Cyprus,2024,19.2,7600.726,20519.276,989.435,7.475,184.418,-30.368,188.619,1010.083,254.412,10374.056,821.464,508.188,405.826,10834,26483.592,2830.068,1094.164,2.5,Other,Ratio of NPEs/Gross loans (%),2024,0.01918878677786608,0.03101784682379943,0.3709005231391273,0.3917163502594362,0.7747920297216481,0.5055761226663162,-0.00292730249383654,10.184280650398204,0.03021183678609018,Cyprus,80.54,93.92,60.26,1,0.2005143205981342,0.5662043229849982,-0.4782060450010249,0.38335932179156623,0.09617086619403584,3.9,4.9,2.3,3.73224043715847
Bank of Ireland Group,2015,11.3,6603,80164,13243,242,561,-296,825,3269,-5886,90595,2444,947,1821,53300,130960,9113,4804,13.2,NPL,Non-performing loans as % of advances,2015,0.00723121563836285,0.01866218692730605,0.37905911740216486,0.6917761148442273,0.6121258399511301,1.130120752457462,-0.00326728848170428,11.782647212045015,NA,Ireland,51.47,66.97,43.75,0,-0.16645113961900992,-0.339339780426477,0.02346471577170398,-0.25289546002274343,-0.16077540142459432,24.6,9.9,0,-0.2063013698630137
Bank of Ireland Group,2016,12.3,5192,75167,10697,222,559,-178,598,2861,-3885,82362,2263,793,1897,50800,123129,9402,4672,9.6,NPL,Non-performing loans as % of advances,2016,0.00644039990578986,0.01837909834401319,0.4060359589041096,0.6689082182101698,0.6104735683713829,1.0957201963627656,-0.00216119084043612,11.720987865256332,-0.0908769799657818,Ireland,52.34,69.57,41.35,0,-0.22618752564807704,-0.38153068238798665,-0.23463138863961663,-0.30385910401803184,-0.28078319889189346,1.2,8.4,-0.2,-0.3795081967213115
Bank of Ireland Group,2017,13.8,7379,75869,8390,217,543,-15,394,2546,-2359,78487,2152,692,2080,45000,122554,9667,4603,8.3,NPE,Non-performing exposures as % of advances,2017,0.00564649052662499,0.01755960637759681,0.45187920921138386,0.640427893010428,0.6190658811625895,1.0345068473289485,-1.911144520748659e-4,11.716307028162475,-0.04704839610499989,Ireland,57.64,70.18,44.38,0,-0.12424754224787923,-0.5063567652527147,-0.2376776918062964,-0.31530215375029697,-0.2894273331022968,10.1,6.7,0.3,-0.4
Bank of Ireland Group,2018,13.4,6033,78899,11000,224,521,42,379,2513,-1728,78430,2134,675,1941,47800,123669,10051,3747,6.3,NPE,NPE ratio,2018,0.00545811804089949,0.01725573911004374,0.5180144115292233,0.634192885848515,0.63798526712434,0.9940556914536306,5.355093714139997e-4,11.725363920667991,-7.262349178844829e-4,Ireland,57.67,73.84,52.06,0,-0.19321970229321023,-0.43745465140646456,0.12821357100958497,-0.3153371768498374,-0.16748692756336328,7.7,5.8,0.7,-0.4
Bank of Ireland Group,2019,13.8,8325,83968,11000,205,510,-214,370,2525,-1308,80543,2155,448,2065,49900,131883,10433,5557,4.4,NPE,NPE ratio,2019,0.00339695032718394,0.01634024097116383,0.3716033831203887,0.6107155584874472,0.6366855470379048,0.9592106516768292,-0.00265696584433159,11.78967044487962,0.02694122147137578,Ireland,67.39,82.51,59.19,0,0.08486472396584277,0.0893775239218024,0.3429674688142589,0.08712112394382258,0.1724032389006347,5,5,0.9,-0.42876712328767125
Bank of Ireland Group,2020,13.4,10953,88637,6367,172,428,-1133,481,2570,-2242,78462,2089,-707,2036,48000,133754,9621,4335,5.7,NPE,NPE ratio,2020,-0.00528582322771655,0.01561822450169714,0.4696655132641292,0.5866142320977317,0.6626867233877117,0.8852059523675214,-0.01444011113660115,11.803757570853117,-0.02583713047688807,Ireland,68.99,83.72,64.05,1,0.02578294398019631,-0.0725627469277058,0.3376760405722377,-0.02338990147375474,0.09696541254157608,7.2,5.9,-0.5,-0.5
Bank of Ireland Group,2021,16,31360,92754,8483,179,448,194,543,2770,-1958,77878,2227,1055,1859,46200,155268,11338,6078,5.5,NPE,NPE ratio,2021,0.00679470335162428,0.01434294252518226,0.3058571898650872,0.5015714764149728,0.5973800139114306,0.8396187765487203,0.00249107578520249,11.952907935103951,-0.00744309347199922,Ireland,76.87,94.65,78.82,1,0.3143069275740004,1.11833546603423,0.9574107625447962,0.7163211968041152,0.7966843853843422,16.3,6.2,2.4,-0.5
Bank of Ireland Group,2022,15.4,36855,99200,7774,268,579,-187,663,3150,-1295,73039,2487,897,2012,47500,151324,11932,3609,3.6,Other,NPEs as % of advances,2022,0.00592767835901773,0.01643493431312944,0.5574951510113605,0.4826663318442547,0.6555470381433216,0.7362802419354839,-0.00256027601692246,11.927178512444645,-0.06213564806492211,Ireland,82.87,89.8,74.45,1,0.5562058401312239,0.388376348771642,0.8145583273042211,0.4722910944514329,0.5863801720690289,7.5,4.5,8.1,0.011643835616438355
Bank of Ireland Group,2023,14.3,31843,100183,12000,219,673,-425,2622,6329,-1222,80746,3707,1601,2094,52500,155708,12561,4460,3.1,NPE,NPE ratio %,2023,0.01028206643203946,0.02380738305032496,0.4695067264573991,0.5185732268091556,0.6434030364528477,0.8059850473633251,-0.00526341862135585,11.955737737362767,0.10551896931776183,Ireland,83.77,90.93,80.49,1,0.48961642414030304,0.30074504942895014,1.0822984050608369,0.3951807367846266,0.6242199595433633,-2.5,4.3,5.2,3.3075342465753423
Bank of Ireland Group,2024,14.6,32436,103069,11530,212,729,-107,3141,6742,-1028,83381,3601,1531,2435,55300,161813,13009,4413,2.2,NPE,NPE ratio %,2024,0.00946153893692101,0.02225408341727797,0.5517788352594607,0.5152923436312287,0.6369636555777348,0.808982332224044,-0.00128326597186409,11.994196626485255,0.03263319545240639,Ireland,86.71,98.26,85.94,1,0.5689141644856479,1.431998207955633,1.3617871773297283,1.0004561862206405,1.1208998499236698,2.6,4.3,1.3,3.73224043715847
Belfius Bank,2015,14.9,576.276,68072.328,27777.552,104.668,601.668,-92.665,2648.756,4672.441,NA,88716.714,2023.685,506.076,1396.451,47026,176962.124,8659.717,2183.862,2.29,Other,Asset quality ratio(2),2015,0.00285979840522257,0.01143569569723292,0.6394410452675123,0.5013316521901602,0.38467173913441494,1.3032713380979128,-0.00104450442111731,12.083690999956552,NA,Belgium,62.28,73.32,42.27,0,0.25091447544150924,0.15625285025793337,-0.06303671262625574,0.2035836628497213,0.11471020435772895,1.5,8.7,0.6,-0.2063013698630137
Belfius Bank,2016,16.1,5111.05,74138.507,23981.43,117.639,625.109,-115.969,2039.969,3983.201,NA,91291.721,1943.232,535.229,1366.281,46554,176720.926,9011.72,2259.271,2.54,Other,Asset quality ratio(2),2016,0.0030286679235712,0.0109960492171708,0.6047441851818572,0.5165869320988054,0.4195230790042374,1.231367135569644,-0.00127031234299986,12.08232707800784,0.02902504932723282,Belgium,64.48,74.14,46.35,0,0.25423836374882697,-0.00772251396976749,0.05187440125217216,0.12325792488952972,0.09946341701041056,1.2,7.9,1.8,-0.3795081967213115
Belfius Bank,2017,15.9,10236.669,76274.483,22027.063,168.809,721.472,-33.013,1609.627,3561.1,-1534.216,91519.456,1951.473,605.502,1368.608,50615,167959.201,9521.408,2354.682,1.99,Other,Asset quality ratio(2),2017,0.00360505406309952,0.01161873233726564,0.5812283781844003,0.544890994093262,0.4541250645744617,1.1998698962010663,-3.607211126779424e-4,12.031476377701797,0.00249458546191716,Belgium,66.63,76.2,48.55,0,0.2352177087079819,-0.0048999106372435,0.00286726603720908,0.11515889903536916,0.07772835470264915,1.5,7.2,2.2,-0.4
Belfius Bank,2018,16,8314.303,79661.31,26686.872,178.71,734.366,-66.397,1527.831,3399.369,-1483.775,90786.221,1871.539,649.028,1425.792,51039,164165.152,9959.623,2361.189,2.05,Other,Asset quality ratio(3),2018,0.00395350652737799,0.0114003427475278,0.6038449272802813,0.5530176160650709,0.4852510354938178,1.1396526243417289,-7.313554773912222e-4,12.00862822448767,-0.00801179368898352,Belgium,68.74,82.17,49.02,0,0.2731692642245761,0.330558653647708,-0.05304965836465473,0.30186395893614204,0.18355941983587645,1.9,6,2.3,-0.4
Belfius Bank,2019,15.6,6715.928,85449.91,27654.505,176.873,756.445,-111.438,1541.463,3441.636,-1515.89,94907,1900.173,667.496,1452.379,56398,172439.465,10506,2488.587,1.96,Other,Asset quality ratio(2),2019,0.00387090043453799,0.01101936264995951,0.5836159234135676,0.5503786502701108,0.4955356942217375,1.110674077948122,-0.0011741810403869,12.057801526327845,0.04538991660419467,Belgium,71.18,84.58,54.61,0,0.25048138806153475,0.29400960374016344,0.06499477197484602,0.2722454959008491,0.20316192125884808,2.4,5.5,1.3,-0.42876712328767125
Belfius Bank,2020,17.11,25433.799,95268.309,24402.198,169.319,810.261,-453.133,1361.293,3352.799,-1827.928,98639.836,1991.506,531.615,1464.919,59322,187991.433,10733.397,2613.649,2.02,Other,Asset quality ratio,2020,0.00282786822525045,0.01059359976260194,0.5604880379882685,0.524703889033071,0.5067694175191483,1.035389806278602,-0.00459381339604011,12.144151671624844,0.03933151400845025,Belgium,75.3,84.48,64.64,1,0.3116900682413219,0.01211176112661556,0.37276549447864227,0.16190091468396872,0.2321891079488599,-4.8,5.8,0.4,-0.5
Belfius Bank,2021,16.37,31640.347,104343.587,23145.353,184.745,942.249,1.361,1356.009,3357.376,-1765.512,103306.489,2001.367,934.964,1477.125,65095,192150.543,11492.748,2703.276,1.95,Other,Asset quality ratio,2021,0.00486578900794467,0.01041561979869086,0.5464203433167757,0.5376330838679961,0.5430304040306563,0.9900607403883864,1.317439023602864e-5,12.166034421906248,0.04731002391366523,Belgium,75.26,86.2,66.13,1,0.2341225531721699,0.09986214244836034,0.1602274524834703,0.16699234781026512,0.1647373827013335,6.3,6.3,3.2,-0.5
Belfius Bank,2022,16.55,27295.434,108405.724,25928.567,192.643,982.858,-105.689,1640.45,3720.738,-1802.342,111146,2080.288,974.711,1620.005,64796,179465.679,11620.652,2982.353,1.82,Other,Asset quality ratio(2),2022,0.00543118330719936,0.01159156453530036,0.5431969320868455,0.6193161869128191,0.6040471058535933,1.0252779641045522,-9.509024166411746e-4,12.097739265286164,0.07588594942956584,Belgium,79.51,88.65,62.6,1,0.37931008518525783,0.1956667645461202,0.03071932930839942,0.28748842486568904,0.20189872634659248,4,5.6,10.3,0.011643835616438355
Belfius Bank,2023,15.95,20487.14,104000.435,36017.933,201.362,980.274,-109.211,4442.285,6868.486,1836,115778,2426.201,1114.538,1538.166,69504,179179.352,12219.362,3140.888,1.95,Other,Asset quality ratio(2),2023,0.006220236804964,0.01354062827507044,0.4897232884458153,0.6461570415769781,0.5804264489136002,1.113245343637265,-9.432793795021506e-4,12.096142549669976,0.04167491407697987,Belgium,79.6,89.75,64.97,1,0.257612759107008,0.08872798066969062,0.02406533660823128,0.1731703698883493,0.12346869212830996,1.7,5.5,2.3,3.3075342465753423
Belfius Bank,2024,15.39,22259.583,108662.704,41453.201,222.753,1053.855,-133.294,5795.913,8135.464,-1788.617,125413,2339.551,1126.872,1612.971,75113.7,187457.435,12833.333,3259.288,1.92,Other,Asset quality ratio,2024,0.00601134865629629,0.01248043855929214,0.4948844655642582,0.6690212100683016,0.5796660132472207,1.154149449474403,-0.00106284037539967,12.141307085287842,0.08321960994316702,Belgium,83.34,92.55,65.33,1,0.36769739399927515,0.29290072335141004,-0.11493635507824763,0.3302990586753426,0.18188725409081252,1.1,5.7,4.3,3.73224043715847
CaixaBank,2015,12.9,5771.567,186107.039,32414.786,143.395,2156.832,-2516,4020.418,8373.068,9171.536,211903.981,4352.65,816.502,4606,143311.653,344255.475,25204.55,7726,7.9,NPL,non-performing loan ratio (including non-performing contingent liabilities),2015,0.0023717908916336,0.01264366238474493,0.5961687807403573,0.6155428058188472,0.5406073469129286,1.1386134674895343,-0.01187330218208595,12.749139320603865,NA,Spain,39.37,64.25,32.07,0,-0.6336226421381849,-0.5516251277432639,-0.6591952056392227,-0.5926238849407244,-0.6148143251735572,4.1,22.1,-0.6,-0.2063013698630137
CaixaBank,2016,13.2,13259.957,217123,31996,171.657,2261.91,-1069,2596.196,6753.052,6689.705,204857,4156.856,1054.935,4116,134863.962,347927.262,23555.562,7827,6.9,NPL,NPL ratio,2016,0.00303205616580858,0.01194748573625713,0.5258719816021464,0.5887926080365614,0.624047103270683,0.9435066759394444,-0.00521827421079094,12.759748719668083,-0.03325553850732044,Spain,43.15,66.79,34.9,0,-0.5898707153974634,-0.6089238351675583,-0.6042238576000244,-0.5993972752825109,-0.6010061360550154,2.9,19.6,-0.3,-0.3795081967213115
CaixaBank,2017,12.7,20155.318,196611,28691,261.18,2759.849,-799,NA,NA,7135,223951,4746,1684,4577,148940,383186.163,24683.281,8222,6,NPL,NPL ratio,2017,0.00439473071474138,0.01238562468655738,0.5566772074920944,0.5844443814115491,0.5130952497363533,1.139056309158694,-0.00356774472987394,12.856276215345474,0.09320648061818736,Spain,46.18,68.98,40.02,0,-0.5824757709413354,-0.6063149422524767,-0.48918273166185633,-0.594395356596906,-0.5593244816185562,2.9,17.2,2,-0.4
CaixaBank,2018,11.8,19158.213,210465.352,29453,315.043,2898.386,-567,2038.598,6945.498,6014,224693,4906.9,1984.647,4658,145942.433,386622.25,24058.445,8767,4.7,NPL,NPL ratio (loans + contingent liabilities),2018,0.00513329742403599,0.01269171652692001,0.531310596555264,0.5811693455304241,0.5443694769248278,1.0676009037345016,-0.00252344309791582,12.86520339712664,0.00331322476791795,Spain,48.66,72.08,43.46,0,-0.5728190327652302,-0.5997239691610081,-0.3845705647201723,-0.5862715009631192,-0.5190378555488036,2.4,15.3,1.7,-0.4
CaixaBank,2019,12,15110,221079,33648,342,2940,-425,2104,7055,4863,227406,4951,1705,5750,147880,391414,25151,8605,3.6,NPL,NPL ratio,2019,0.00435600157378121,0.01264901102157817,0.6682161533991865,0.5809858615174726,0.5648213911612768,1.028618729051606,-0.00186890407465062,12.877521102338653,0.01207425242441906,Spain,54.88,77.61,46.93,0,-0.4618013625347121,-0.3950172543921945,-0.4011253834239949,-0.42840930846345326,-0.4193146667836338,2,14.1,0.8,-0.42876712328767125
CaixaBank,2020,13.6,51611,245167,35813,335,2911,-1943,1864,6764,5755,243924,4900,1381,4579,144073,451520,25278,8410,3.3,NPL,NPL ratio,2020,0.00305855776045357,0.01085223245924876,0.5444708680142687,0.5402285613040397,0.5429814847625797,0.9949299864989988,-0.00796559584132762,13.020374947646586,0.07263660589430354,Spain,62.1,83.07,53.82,1,-0.2864040744285442,-0.14498173407942816,-0.2707394059744006,-0.21569290425398616,-0.234041738160791,-10.9,15.5,-0.3,-0.5
CaixaBank,2021,13.1,104216,392479,53684,424,4129,-897,1917,7892,8625,352951,5975,5229,8049,215500,680036,35425,10274,3.6,NPL,Non-performing loan ratio,2021,0.00768929880182813,0.00878629954884741,0.7834339108429044,0.5190181108058985,0.5771444452940727,0.8992863312432002,-0.00254142926355216,13.429901016927426,0.44697118774700306,Spain,65.16,85.83,55.22,1,-0.26889743531136373,0.05526626910791344,-0.5251366068363928,-0.10681558310172516,-0.2462559243466144,6.7,14.9,3,-0.5
CaixaBank,2022,12.8,20522,393060,52608,396,4406,-982,2317,9233,7867,361323,6916,3149,6070,215103,592234,34262,11594,2.7,NPL,NPL Ratio (loans and contingent liabilities),2022,0.00531715504344566,0.011677816538733,0.5235466620665862,0.6101017503216634,0.6636903656325034,0.9192566020454892,-0.00271778989989566,13.291657106037698,0.02372000645982019,Spain,69.6,87.11,55.26,1,-0.14242709681311308,-0.0623965047645816,-0.4547978221928101,-0.10241180078884736,-0.2198738079235016,6.4,13,8.3,0.011643835616438355
CaixaBank,2023,12.4,37861,396761,56755,379,4037,-1225,8110,18223,7665,354098,10113,4818,5812,228428,607167,36339,14231,2.7,NPL,Non-performing loan ratio,2023,0.00793521387031903,0.01665604355967962,0.4084041880401939,0.5831970446351663,0.6534627211294421,0.8924717903221335,-0.00345949426429971,13.316559155760574,-0.01999595929403885,Spain,71.45,89.98,55.85,1,-0.195823660562381,0.13005334152954676,-0.5977829613484545,-0.03288515951641713,-0.22118442679376293,2.5,12.2,3.4,3.3075342465753423
CaixaBank,2024,12.2,49804,424238,56563,NA,NA,-1056,9796,20904,7016,361214,11108,5787,6108,237969,631003,36865,15873,2.6,NPL,Non-performing loan ratio,2024,0.009171113291062,0.01760371979214045,0.3848043848043848,0.5724441880624973,0.6723232694614764,0.8514418793224557,-0.00292347472689319,13.35506589587021,0.02009613157939327,Spain,74.96,91.54,56.7,1,-0.13265766139414056,0.091414128001103,-0.7332829870375309,-0.02062176669651878,-0.25817550681018947,3.5,11.4,2.9,3.73224043715847
Commerzbank,2015,13.8,28509,257615,40605,643,4067,-696,5837,11616,4192,222737,5779,1062,7157,198200,532641,30407,9762,1.6,NPL,NPL ratio (%),2015,0.00199383825127994,0.01084970927885761,0.7331489448883426,0.4181747180558763,0.48365597090723395,0.8646119208896997,-0.00312476149000839,13.185602930247764,NA,Germany,50.98,75.43,63.84,0,-0.1853696550102824,0.320930086595589,1.19766315936293,0.06778021579265332,0.44440786364941226,1.7,4.4,0.7,-0.2063013698630137
Commerzbank,2016,13.9,34802,250920,38494,625,3837,-900,4771,9848,3934,216518,5077,279,7100,190500,480450,29640,9399,1.6,NPL,NPL ratio (%),2016,5.807055885107712e-4,0.01056717660526589,0.7553995105862326,0.45065667603288584,0.5222603808929129,0.8628965407301132,-0.00415669828836401,13.082478443705414,-0.0279208214171871,Germany,52.97,77.79,64.4,0,-0.2012560338589463,0.2908332441760749,1.08616030276153,0.04478860515856431,0.3919125043595529,2.2,3.9,0.4,-0.3795081967213115
Commerzbank,2017,14.9,55733,248995,43369,745,3923,-781,4222,8423,3337,224083,4201,156,7079,171369,452493,30041,9163,1.3,NPL,NPL ratio (%)4,2017,3.447567144685111e-4,0.00928412152232189,0.7725635708828986,0.49521871056568834,0.5502737058915829,0.8999497981887187,-0.00348531570891143,13.022527572389205,0.03493935839052642,Germany,55.56,79.48,66.3,0,-0.20741636560585375,0.2683191064954388,1.026769664531748,0.0304513704447925,0.3625574684737777,2.8,3.5,1.7,-0.4
Commerzbank,2018,12.9,53914,253113,45524,662,3751,-446,3922,8670,2493,231463,4748,865,6879,180500,462369,29411,8570,0.9,NPL,NPL ratio (%)4,2018,0.00187080016177555,0.0102688545296073,0.802683780630105,0.5006023327688491,0.5474264061820754,0.9144650808137076,-0.00192687384160751,13.04411855257043,0.03293422526474554,Germany,58.84,83.54,67.85,0,-0.14392655949051728,0.4568705657634607,1.0697090946343364,0.1564720031364717,0.4608843669690933,1.1,3.2,1.9,-0.4
Commerzbank,2019,13.4,41164,265048,43182,650,3706,-620,3702,8776,2546,250735,5074,644,6313,181765,463636,30667,8643,0.9,NPE,NPE ratio (%)3,2019,0.00138902069727113,0.01094393015210208,0.7304176790466274,0.5408014045501213,0.5716726052334159,0.945998460656183,-0.00247273017329052,13.04685504058215,0.08326168761313912,Germany,61.1,85.11,71.01,0,-0.189997760773445,0.3464033246598407,1.060355520482788,0.07820278194319785,0.4055870281230612,1,2.9,1.4,-0.42876712328767125
Commerzbank,2020,13.2,75603,281104,44069,592,3909,-1748,2610,7585,3611,254570,4975,-2870,6160,178581,506916,28600,8186,1,NPE,NPE ratio (%)3,2020,-0.00566168753797473,0.00981424930363216,0.7525042755924749,0.5021936573317868,0.5545376354267768,0.9056078888952132,-0.0068664807322151,13.136100588373422,0.01529503260414388,Germany,64.91,88.08,75.03,1,-0.15908251829958045,0.4132015361207661,0.990696725135492,0.1270595089105928,0.4149385809855593,-4.1,3.6,0.4,-0.5
Commerzbank,2021,13.6,49507,261965,39352,639,4255,-570,2419,7268,3443,260121,4849,430,6239,175188,473044,29827,8459,0.9,NPE,NPE ratio (%),2021,9.09006350360643e-4,0.01025063207650874,0.7375576309256413,0.549887536888746,0.5537856943540136,0.9929608917221766,-0.00219128790063086,13.066943686403487,0.0218053973366854,Germany,50.35,81.77,69,1,-1.0064940718896929,-0.43408304376293055,0.3405202893531322,-0.7202885578263117,-0.3666856087664971,3.9,3.6,3.2,-0.5
Commerzbank,2022,14.1,75233,299455,37982,675,4194,-876,3873,10332,3704,264374,6459,1435,5844,168700,477438,30905,9461,1.1,NPE,NPE-ratio (%),2022,0.00300562586136838,0.01352845814535081,0.6176936898847902,0.5537347257654397,0.6272123291401187,0.8828505117630362,-0.00331348771059181,13.07618958754066,0.01635008323049658,Germany,48.58,85,66.23,1,-1.2490785161476985,-0.4159766984305416,0.2708320350235753,-0.83252760728912,-0.46474105985155495,1.8,3.1,8.7,0.011643835616438355
Commerzbank,2023,14.7,28413,349195,46580,730,4116,-618,9895,18263,3872,273453,8368,2224,6006,175100,517166,33009,10461,0.8,NPE,NPE-ratio (%),2023,0.00430036003913637,0.01618049137027569,0.5741324921135647,0.528752856916348,0.6752087337527989,0.7830954051461217,-0.00225998617678357,13.156119185126542,0.03434150105532319,Germany,57.22,86.3,67.52,1,-0.9875292129421864,-0.5311524322281413,0.1979373936026992,-0.7593408225851639,-0.4402480838558762,-0.9,3.1,6,3.3075342465753423
Commerzbank,2024,15.1,73001,366978,53544,821,4459,-743,12884,21215,3134,286931,8331,2677,6244,173400,554646,35716,11107,1.1,NPE,NPE ratio (%),2024,0.00482650194899088,0.01502039138477515,0.5621680021607995,0.5173227608240211,0.6616436429722742,0.7818752077781229,-0.00258947273037768,13.22608535138564,0.0492881774930245,Germany,66.92,88,66.76,1,-0.6127119150174166,-0.6147864141178025,-0.01247567330515614,-0.6137491645676096,-0.4133246674801251,-0.5,3.4,2.5,3.73224043715847
Crédit Agricole Group,2015,13.7,39262,663135,167810,2765,11681,-3031,16257,36240,21430,761816,6043,6431,18786,509403,1698859,97421,31836,NA,NA,NA,2015,0.00378548190285362,0.0035570933196928,0.5900866943083302,0.44842803316814406,0.3903413997276996,1.1488098200215642,-0.00397865101284299,14.345467407216097,NA,France,58.28,67.84,49.43,0,0.09647761510459192,-0.2714396877185338,0.35544317070441495,-0.08748103630697093,0.06016036603015769,1.1,10.3,0.1,-0.2063013698630137
Crédit Agricole Group,2016,14.5,31254,693260,168071,2822,11592,-2412,15237,34373,21347,774010,4800,5172,19102,520963,1722849,103174,30427,3,Impaired,Impaired loans ratio,2016,0.00300200423832848,0.00278608281979442,0.6277976796923784,0.4492616590310584,0.4023916199272252,1.1164786660127513,-0.00311623880828413,14.359489873828672,0.01600648975605656,France,59.36,70.4,52.27,0,0.0516205257165246,-0.31363992094660237,0.3910972564840502,-0.1310096976150389,0.04302595375132414,0.9,10.1,0.3,-0.3795081967213115
Crédit Agricole Group,2017,14.9,54119,732420,177532,3438,13147,-1651,13734,33411,19958,834716,6500,7010,19699,521516,1763169,107736,32108,2.7,Impaired,Impaired loans ratio,2017,0.00397579585394253,0.00368654394445455,0.6135231095054192,0.4734180330983586,0.41539977166113967,1.139668496218017,-0.00197791823805941,14.38262331611648,0.07843051123370492,France,62.01,70.25,53.93,0,0.05048695682632687,-0.5005258715943959,0.3132106409048498,-0.2250194573840345,-0.04560942462107307,2.1,9.4,1.2,-0.4
Crédit Agricole Group,2018,15,70584,789835,198227,4153,13841,-1719,14594,33110,-19475,857505,NA,7369,20266,541770,1854763,112188,32839,2.41,Impaired,Impaired loan ratio(1),2018,0.00397301434199409,NA,0.6171320685769969,0.4623259144160197,0.42584146869438305,1.0856761222280602,-0.00200465303409309,14.433267483058076,0.0273015013489617,France,63.48,75.24,55.33,0,0.05156077606887993,-0.30837678501080606,0.32319079471148077,-0.12840800447096307,0.02212492858985154,1.6,9,2.1,-0.4
Crédit Agricole Group,2019,15.9,97135,855507,213366,4162,13721,-1757,15512,33509,-18991,932487,NA,7704,20088,559009,2010966,121534,33297,2.47,Impaired,Impaired loans to outstanding loans ratio(1),2019,0.00383099465629951,NA,0.6032975943778719,0.4637010272674923,0.4254209171114778,1.0899817301319568,-0.0018842085734171,14.514125761600429,0.08744205573145347,France,65.55,77.32,57.96,0,0.00445979997215588,-0.4236855167822071,0.26831541267616343,-0.2096128584050256,-0.05030343471129593,2,8.4,1.3,-0.42876712328767125
Crédit Agricole Group,2020,17.2,197792,963433,171796,3933,13376,-3651,12710,31500,-19585,985075,NA,5193,19921,562059,2217512,126474,33596,2.37,Impaired,Impaired loan ratio,2020,0.00234181370833618,NA,0.5929574949398738,0.4442253300094881,0.4344657435901136,1.0224634198745528,-0.00370631677791031,14.611896404650668,0.05639542427937338,France,NA,NA,NA,1,NA,NA,NA,NA,NA,-7.4,8,0.5,-0.5
Crédit Agricole Group,2021,17.54,241191,1044566,181705,4621,15371,-2193,11851,31634,-18946,1070539,NA,9101,21169,585441,2323557,133715,36822,2.02,Impaired,Impaired loan ratio on outstandings,2021,0.003916839569677,NA,0.5749008744772147,0.4607328333240802,0.44955471288201665,1.0248648721095652,-0.00204850080193248,14.658609759162369,0.08675887622769829,France,71.6,77.69,65.6,1,0.05184006229595833,-0.9258429443819064,0.12693295647618083,-0.437001441042974,-0.24902330853658905,6.9,7.9,2.1,-0.5
Crédit Agricole Group,2022,17.6,210804,1095758,219717,4961,15906,-2893,16739,37648,-20161,1147547,NA,8144,22564,574600,2379120,133791,38162,2.1,Other,non performing loans ratio,2022,0.00342311442886445,NA,0.5912688014255018,0.48234094959480817,0.4605728168398399,1.0472631730728863,-0.0025210296397446,14.682241229374888,0.07193385761751792,France,67.86,82.46,63.48,1,-0.2340338270529881,-0.8416135192416985,0.08892847008783565,-0.5378236731473433,-0.32890629206895033,2.7,7.3,5.9,0.011643835616438355
Crédit Agricole Group,2023,17.5,180723,1121942,253201,4188,16025,-2941,43143,63255,-19956,1144455,NA,9071,20186,609852,2467099,135620,36492,2.1,Other,non performing loans ratio,2023,0.0036767880008058,NA,0.5531623369505645,0.4638869376543057,0.4547616451548965,1.0200660996736015,-0.00256978212336876,14.71855352441852,-0.0026944430162773,France,72.41,84.08,65.78,1,-0.1424127448712631,-0.9300320022667458,0.0792952841241213,-0.5362223735690044,-0.3310498210046292,1.4,7.3,5.7,3.3075342465753423
Crédit Agricole Group,2024,17.2,9907,1392800,1392800,5108,15556,-3191,62569,78510,-21960,1356100,15941,8640,22729,610100,2601700,148800,38060,2.07,Impaired,Impaired loan ratio on outstandings,2024,0.00332090556174808,0.00612714763423915,0.5971886495007882,0.521236114847984,0.5353422762040204,0.9736502010338886,-0.0023530713074257,14.77167563548129,0.184930818599246,France,71.88,87.87,69.31,1,-0.31655904213539565,-0.6407203323312077,0.17023393405245352,-0.4786396872333017,-0.26234848013804996,1.2,7.4,2.3,3.73224043715847
DNB,2015,14.4,19317,944428,804928,3101,11963,-2270,22174,57532,11192,1549950,35358,24762,19910,1129373,2598530,190078,53993,0.76,Other,Net non-performing and doubtful loans and guarantees represented 0.76 per cent of the loan portfolio,2015,0.00952923383605346,0.01360692391467483,0.3687515048246995,0.5964718513929029,0.3634470258184435,1.6411521047660595,-0.00146456337301203,14.770456458486176,NA,Norway,90.37,88.66,61,0,1.3354473271575114,1.3534797722577545,1.0316739318965744,1.344463549707633,1.2402003437706135,2,4.7,2,1.05
DNB,2016,16,208263,934897,765869,3172,11452,-7424,18314,52424,15615,1519392,34110,19251,21333,1051498,2653201,206423,52163,1.49,Other,Net non-performing and doubtful loans and guarantees represented 1.49 per cent,2016,0.00725576388671646,0.01285616883153594,0.4089680424822192,0.5726637371235727,0.3523656895953228,1.6251972142385738,-0.0048861649923127104,14.791277393536827,-0.01971547469273205,Norway,91.23,92.27,60.88,0,1.3128374198746244,1.475240744984784,0.8844602266777105,1.3940390824297042,1.2241794638457062,1.3,4.9,3.9,0.55
DNB,2017,16.4,151595,971137,780247,3831,12279,-2428,18442,53865,12387,1548577,35422,21803,22593,1042601,2698268,216897,51140,0.98,Other,Net non-performing and doubtful loans and guarantees represented 0.98 per cent,2017,0.00808036859200049,0.01312768042314551,0.4417872506843958,0.5739151930052908,0.35991124677015035,1.5946019974524706,-0.00156789103803039,14.808120643655798,0.01920834123122938,Norway,92.34,91.6,62.08,0,1.263232347426024,1.277896694193032,0.783340474579807,1.2705645208095278,1.108156505399621,2.7,4.4,1.9,0.5
DNB,2018,16.4,155592,927092,801918,3925,13235,139,20838,57660,11617,1545180,36822,24282,22057,1077934,2634903,223966,50368,1.51,Stage3,"Net loans at amortised cost and financial commitments in stage 3, in % of net loans",2018,0.00921551950868779,0.01397470798735285,0.4379169313850064,0.5864276597658433,0.3518505235297087,1.6666954304427175,8.995715709496629e-5,14.784356927135804,-0.00219362679414714,Norway,93.12,93.43,64.27,0,1.3003203937371004,1.368713493372797,0.8562477916212515,1.3345169435549489,1.175093892910383,1.1,4,3,0.57
DNB,2019,18.6,304746,969557,870170,3768,13484,-2191,26147,65349,11609,1677441,39202,25721,23133,960691,2793294,242255,54857,1.09,Stage3,"Net loans and financial commitments in stage 3, per cent of net loans",2019,0.00920812488767741,0.01403432649767622,0.4216964106677361,0.6005243271921967,0.3471016656320459,1.7301107619252916,-0.00130615622248412,14.842732102545432,0.08559585291034044,Norway,95.23,94.81,67.08,0,1.301426182652929,1.3053072735671398,0.8218330972122869,1.3033667281100343,1.142855517810785,1.5,3.9,2.3,1.15
DNB,2020,18.7,283526,1105574,777829,3789,13289,-9918,16672,55296,15469,1707829,38623,19840,23401,967433,2918943,248396,56399,1.55,Stage3,"Net loans and financial commitments in stage 3, per cent of net loans",2020,0.0067969809619441,0.01323184454098624,0.41491870423234456,0.5850847378657275,0.3787583382066728,1.5447441781373297,-0.00580737298640554,14.88673212241024,0.01811568931485507,Norway,93.68,94.14,70.02,1,1.1444908517467876,1.0883693240275871,0.6927337351844988,1.1164300878871876,0.9751979703196244,-1.4,4.7,1.2,0.36
DNB,2021,19.4,296727,1247719,702759,3981,14992,868,8197,46887,11191,1708702,38690,25355,24034,973431,2919244,243912,55915,1.55,Stage3,"Net loans... in stage 3, in % of net loans",2021,0.00868546788141039,0.01325343136784729,0.42983099347223463,0.5853234604575706,0.4274116860392622,1.3694605916877118,5.079879347013113e-4,14.88683523661342,5.111752991664442e-4,Norway,96.13,95.36,80.68,1,1.2735311828406188,1.2039113310929237,1.0742555975892467,1.2387212569667712,1.1838993705075964,4.1,4.4,3.9,0.08
DNB,2022,18.3,309988,1396630,737886,3890,15343,272,31699,79992,12632,1920333,48294,32861,26510,1061973,3236431,259098,66115,1.25,Stage3,"Net loans... in stage 3, in % of net loans",2022,0.01015346843482836,0.01492199277537509,0.40096801028510926,0.5933489698992501,0.4315339953176817,1.3749761926924096,1.4164210061484128e-4,14.98998173741401,0.12385483249858664,Norway,95.84,96.3,80.82,1,1.239044513241099,1.4776044335245997,1.235913130446278,1.3583244733828497,1.3175206924039922,4.1,3.2,6.2,1.33
DNB,2023,18.2,331408,1422941,807928,3658,14772,-2649,99098,160645,8454,2005139,61547,39479,28620,1099949,3439724,269296,81697,1.17,Stage3,"Net loans... in stage 3, per cent of net loans at amortised cost",2023,0.01147737434747671,0.01789300536903542,0.35031886115769245,0.5829360146337322,0.41367883004566647,1.4091511875755918,-0.00132110541962427,15.050901793572638,0.0441621322968464,Norway,96.85,95.48,78.81,1,1.2173401504317891,1.1182684925260895,0.9677474028056584,1.1678043214789395,1.1011186819211791,0.4,3.6,5.7,3.54
DNB,2024,19.4,147944,1487763,854765,3832,16298,-1209,129364,193554,7766,2258637,64190,45804,30448,1121130,3614125,283325,86537,0.97,Stage3,"Net loans... in stage 3, per cent of net loans at amortised cost",2024,0.01267360702798049,0.01776086881333656,0.35184949790263126,0.6249471172137101,0.4116523363193027,1.5181430106811369,-5.352785773012662e-4,15.100360337250612,0.12642415313851063,Norway,96.8,95.41,80.5,1,1.1713703111347602,0.8634469240463439,0.9720066816334942,1.017408617590552,1.0022746389381996,1.4,4,2.8,4.5
Danske Bank,2015,16.1,76837,863474,1058450,4887,15566,-61,26333,59666,31412,1851658,33333,13123,24785,833594,3292878,160830,47086,2,NPL,NPL as percentage of total gross exposure,2015,0.00398526759873885,0.01012275583850965,0.5263772671282334,0.5623220781334747,0.26222471649420354,2.1444282051341443,-3.2943448520191093e-05,15.007272512387958,NA,Denmark,84.89,87.29,67.34,0,1.1238688284959344,1.246556637763638,1.4022273481418892,1.185212733129786,1.2575509381338206,2.1,6.3,0.2,-0.2063013698630137
Danske Bank,2016,16.3,53211,943865,1119244,5736,15883,-168,27289,59618,26156,1933030,32329,19858,24647,815249,3483670,166615,49836,1.6,NPL,NPL as percentage of total gross exposure,2016,0.00570031030493703,0.00928015569787035,0.49456216389758406,0.5548832122445582,0.27093984217793304,2.047994151706017,-8.691018763288723e-5,15.063596893754308,0.0439454802128687,Denmark,87.86,89.34,71.12,0,1.1794737257010193,1.2355781774868897,1.4712240843760942,1.2075259515939545,1.2954253291880011,3.1,6,0,-0.3795081967213115
Danske Bank,2017,17.6,82818,1046858,1163455,6749,17572,-1582,28631,58495,20749,1920032,29863,20900,25877,753409,3539528,168256,50582,1.2,NPL,Non-performing loans as a percentage of total gross exposure (%),2017,0.00590474210120671,0.0084370006396333,0.511585148867186,0.5424542481370398,0.29576203380789756,1.834090201345359,-8.239446009233179e-4,15.079503942886944,-0.00672415844554918,Denmark,89.77,91.36,68.82,0,1.1604708685654492,1.2579050587930798,1.172134962796888,1.2091879636792644,1.196836963385139,3.1,5.8,1.1,-0.4
Danske Bank,2018,17,40997,1059119,1071570,6932,17312,-387,30746,59767,21170,2064750,29022,14689,28020,748104,3578467,163276,46955,1.2,NPL,Non-performing loans as a percentage of total gross exposure (%),2018,0.00410483036451083,0.00811017678799329,0.5967415610691087,0.57699288550097,0.29597003409560574,1.9494976485173057,-1.874318924809299e-4,15.090445054377316,0.07537270212163127,Denmark,89.47,91.69,73.04,0,1.146542640549212,1.2082881451381906,1.379168357941016,1.1774153928437014,1.244666381209473,1.9,5.1,0.7,-0.4
Danske Bank,2019,17.3,99035,1140726,1145910,6079,16437,1729,41927,69819,21313,2169320,27892,15072,30960,767177,3761050,170508,48114,1.4,NPL,Non-performing loans as a percentage of total gross exposure (%),2019,0.00400739155289081,0.0074160141449861,0.6434717545828657,0.5767857380252855,0.30329987636431316,1.9017011973076792,7.970239522062213e-4,15.140208731700715,0.05064535658069991,Denmark,90.78,92.09,73.89,0,1.1069686219073278,1.0364187435642684,1.235150578757353,1.071693682735798,1.126179314742983,1.7,5,0.7,-0.42876712328767125
Danske Bank,2020,18.3,320702,1333781,1135971,5760,16434,7089,36234,64352,22554,2070484,28118,4589,32822,784184,4109231,168679,46215,1.2,NPL,Non-performing loans as a percentage of total gross exposure (%),2020,0.00111675396199434,0.00684264282051799,0.7102023152656064,0.5038616714416883,0.32458165530241545,1.5523418012402337,0.00342383713180106,15.228746464343292,-0.045560820902402543,Denmark,94.32,93.79,79.36,1,1.1734893556338108,1.0493744847920456,1.2482176326180867,1.111431920212928,1.1570271576813145,-1.8,5.6,0.3,-0.5
Danske Bank,2021,17.7,293386,1292030,1126417,6378,18495,141,30904,57678,22746,2072284,26774,12920,30822,860173,3935834,176704,47534,1,NPL,NPL as a percentage of total gross exposure (%),2021,0.00328265877066969,0.00680262429767109,0.648420078259772,0.526517124451895,0.3282734993396571,1.603897742312485,6.80408669854132e-5,15.18563336146815,8.69361946288949e-4,Denmark,94.59,94.68,82.48,1,1.1968330855866942,1.1219513476564285,1.187331244406456,1.1593922166215611,1.168705225883193,6.5,5.1,1.9,-0.5
Danske Bank,2022,17.8,175052,1262293,983305,5993,17305,1502,51241,79267,19645,2032466,28026,-5068,31250,838193,3762999,160318,45895,1.3,Stage3,Total gross credit exposure in stage 3 ... corresponding to 1.3% of total gross exposure,2022,-0.00134679812564393,0.00744778300499149,0.6809020590478265,0.5401186659895472,0.3354486674059706,1.6101380582796545,7.390037520922859e-4,15.140726803830123,-0.01921454781294451,Denmark,94.35,93.54,77.85,1,1.160599669529941,1.0151014313833453,1.03945728031568,1.0878505504566431,1.0717194604096554,0.4,4.5,8.6,0.011643835616438355
Danske Bank,2023,18.8,259156,1222203,1056208,4481,16111,262,47325,79594,20140,1863831,32269,21262,28908,827882,3770981,175739,55852,1.3,Other,corresponding to 1.3% of total gross exposure,2023,0.00563832063858184,0.00855718976043634,0.5175821814796248,0.4942562691246654,0.32410744047769,1.524976620086843,1.4057068478848136e-4,15.142845737776462,-0.08297063763920287,Denmark,96.22,95.19,79.78,1,1.1822892370094933,1.066162602746271,1.0338869695839463,1.124225919877882,1.0941129364465705,0.6,5.1,3.4,3.3075342465753423
Danske Bank,2024,17.8,107498,1094635,1079246,4551,19463,-543,43829,80526,19901,2013679,36697,23629,25736,814706,3716042,175687,56405,1.3,Stage3,Stage 3 gross/total gross credit exposure,2024,0.00635864718428909,0.00987529204460014,0.45627160712702775,0.5418881164421715,0.29457013672073673,1.8395894521918263,-2.696556899088683e-4,15.128169681327774,0.08039784722971133,Denmark,97.76,96.52,81.79,1,1.228690222015152,1.0848826872531188,1.064436247708521,1.156786454634135,1.1260030523255973,3.5,6.2,1.3,3.73224043715847
Deutsche Bank,2015,11.1,96940,566974,160016,3647,16412,956,10086,25967,5028,432777,15881,-6772,38667,396714,1629130,67624,33525,1.7,Other,90 days or more past due ratio of our consumer credit exposure,2015,-0.00415681989773682,0.00974814778440026,1.1533780760626398,0.2656491501599013,0.348022564190703,0.7633101341507723,0.00220898984927572,14.303556687960514,NA,Germany,50.98,75.43,63.84,0,-0.1853696550102824,0.320930086595589,1.19766315936293,0.06778021579265332,0.44440786364941226,1.7,4.4,0.7,-0.2063013698630137
Deutsche Bank,2016,11.8,181364,550204,172316,3255,14999,1383,10929,25636,4546,413455,14707,-1356,29442,357518,1590546,64819,30014,1.45,Other,90 days or more past due ratio of our consumer credit exposure,2016,-8.525374305427193e-4,0.00924651031784054,0.9809422269607516,0.25994532695061945,0.3459214634471433,0.7514576411658221,0.00334498312996577,14.27958791147584,-0.04464655007082174,Germany,52.97,77.79,64.4,0,-0.2012560338589463,0.2908332441760749,1.08616030276153,0.04478860515856431,0.3919125043595529,2.2,3.9,0.4,-0.3795081967213115
Deutsche Bank,2017,14,225655,580812,159715,3100,14102,525,11714,24092,3921,405621,12378,-735,24695,344212,1474732,68099,26447,1.34,Other,90 days or more past due ratio of our consumer credit exposure,2017,-4.983956406994627e-4,0.00839338944296319,0.93375430105494,0.27504726282470304,0.3938424066203215,0.6983688353546414,0.00129431168504589,14.203986836332282,-0.01894764847444097,Germany,55.56,79.48,66.3,0,-0.20741636560585375,0.2683191064954388,1.026769664531748,0.0304513704447925,0.3625574684737777,2.8,3.5,1.7,-0.4
Deutsche Bank,2018,13.6,188731,564405,152083,2882,12921,525,11601,24793,4247,433832,13192,341,23461,350432,1348137,68737,25316,NA,NA,NA,2018,2.529416520724526e-4,0.00978535564263869,0.9267261810712591,0.321801122586206,0.418655522398688,0.7686537149741763,0.00121014586291467,14.11423419733768,0.06955014656538983,Germany,58.84,83.54,67.85,0,-0.14392655949051728,0.4568705657634607,1.0697090946343364,0.1564720031364717,0.4608843669690933,1.1,3.2,1.9,-0.4
Deutsche Bank,2019,13.6,137592,572208,136473,2763,12283,723,11400,25149,4018,454235,13749,-5265,25076,324015,1297674,62160,23165,NA,NA,NA,2019,-0.00405725937330947,0.01059511094465944,1.082495143535506,0.3500378369297682,0.4409489594459009,0.7938284679696893,0.00159168712230453,14.07608398907728,0.04702972579247255,Germany,61.1,85.11,71.01,0,-0.189997760773445,0.3464033246598407,1.060355520482788,0.07820278194319785,0.4055870281230612,1,2.9,1.4,-0.42876712328767125
Deutsche Bank,2020,13.6,166208,568031,149163,2803,12227,1792,6280,17806,4808,431807,11526,624,21216,328951,1325259,62196,24028,NA,NA,NA,2020,4.7085135811188606e-4,0.00869716787435512,0.8829698684867654,0.325828385243941,0.4286188586532896,0.7601821027373507,0.00415000220005697,14.09711846999847,-0.04937532334584516,Germany,64.91,88.08,75.03,1,-0.15908251829958045,0.4132015361207661,0.990696725135492,0.1270595089105928,0.4149385809855593,-4.1,3.6,0.4,-0.5
Deutsche Bank,2021,13.2,192021,603750,144485,2796,13730,515,5444,16599,4779,490671,11155,2510,21505,351629,1323993,68030,25410,NA,NA,NA,2021,0.00189578041575748,0.00842527113058755,0.8463203463203464,0.3705993913865103,0.4560069426348931,0.8127055900621118,0.00104958312188818,14.09616272845605,0.13632016155365712,Germany,50.35,81.77,69,1,-1.0064940718896929,-0.43408304376293055,0.3405202893531322,-0.7202885578263117,-0.3666856087664971,3.9,3.6,3.2,-0.5
Deutsche Bank,2022,13.4,178896,621456,131525,2675,12512,1226,10649,24299,4848,501732,13650,5659,20390,360003,1336788,72328,27210,NA,NA,NA,2022,0.00423328156745871,0.01021104318710221,0.7493568540977582,0.3753265289634557,0.46488747654826346,0.8073491928632116,0.00244353559270686,14.105780279562348,0.022542599827583,Germany,48.58,85,66.23,1,-1.2490785161476985,-0.4159766984305416,0.2708320350235753,-0.83252760728912,-0.46474105985155495,1.8,3.1,8.7,0.011643835616438355
Deutsche Bank,2023,13.7,178416,622035,119390,2452,11657,1505,30472,44074,5208,492868,13602,4892,21695,349742,1312331,74818,28879,NA,NA,NA,2023,0.00372771808331891,0.01036476315807521,0.7512379237508224,0.3755668348915022,0.4739924607435167,0.7923476974768301,0.00305355592166665,14.087315503252627,-0.01766680219718897,Germany,57.22,86.3,67.52,1,-0.9875292129421864,-0.5311524322281413,0.1979373936026992,-0.7593408225851639,-0.4402480838558762,-0.9,3.1,6,3.3075342465753423
Deutsche Bank,2024,13.8,147494,666261,114899,2818,13190,1830,36292,49358,5697,503005,13065,3505,22971,357427,1387177,79432,30092,NA,NA,NA,2024,0.0025267143270109,0.00941840875389369,0.7633590323009438,0.36261053924625336,0.4802999184675063,0.7549668973570418,0.00363813480979314,14.142781304709484,0.02056737300859468,Germany,66.92,88,66.76,1,-0.6127119150174166,-0.6147864141178025,-0.01247567330515614,-0.6137491645676096,-0.4133246674801251,-0.5,3.4,2.5,3.73224043715847
Erste Group Bank,2015,12,7328,127797.081,27895.975,479,2341,729.143,1701,5518,6009,131906,4444.657,968.228,3868.858,98300,199743.371,14807.313,6771,7.1,NPL,NPL ratio,2015,0.00484735986557471,0.02225183733381569,0.5713865012553537,0.6603773599074785,0.6398063693437916,1.0321519002456714,0.00552774703197731,12.204788676594736,NA,Austria,51.03,68.44,46.35,0,-0.18343919425607075,-0.22461203757512532,0.1754266845789309,-0.20402561591559804,-0.07754151575075506,1.3,6.1,0.8,-0.2063013698630137
Erste Group Bank,2016,12.8,13333,138013,27192,442,2225,-195.672,1493,5885,4613,135267,4374.518,1264.728,4028,103639,208227.07,16602.154,6691,4.9,NPL,NPL ratio,2016,0.00607379242285837,0.02100840202957281,0.60200269018084,0.6496129441767585,0.6628004706592663,0.9801033235999508,-0.0014465612455366,12.246384445923535,0.02548026625020849,Austria,53.34,71.95,47.67,0,-0.18661372915739305,-0.1868559688572725,0.12751192978360443,-0.1867348490073328,-0.08198592274368703,2.1,6.5,1,-0.3795081967213115
Erste Group Bank,2017,12.9,21796.299,150920.715,25095,477.816,2329.384,-132.017,1271.268,5624.422,3977,143509,4353.154,1316.218,4158,111571,220659.433,18288.316,6669,4,NPL,NPL ratio,2017,0.00596492967513426,0.0197279306885557,0.6234817813765182,0.650364219869993,0.6839531532739868,0.9508900087042392,-9.199213986579238e-4,12.30437576474696,0.06093134319531002,Austria,57.49,73.67,53.17,0,-0.13024529393234852,-0.21564506714507467,0.269370312856633,-0.1729451805387116,-0.0255066827402634,2.3,5.9,2.2,-0.4
Erste Group Bank,2018,13.5,17549.181,162638.233,29738.288,468.571,2377.02,59.253,2365,6947,-3563,152836,4581.977,1793.446,4181,114599,236791.833,18868.719,6916,3.2,NPL,NPL ratio based on gross customer loans,2018,0.00757393520409126,0.01935023240434141,0.6045401966454598,0.6454445580477431,0.6868405507887597,0.939729835849852,3.876900730194457e-4,12.374936692376956,0.06499243949856814,Austria,58.41,75.63,52.67,0,-0.1620428427427893,-0.2724193793720152,0.16458546900902118,-0.21723111105740223,-0.08995891770192778,2.5,5.2,2.1,-0.4
Erste Group Bank,2019,13.7,10693.301,173331,30000,373,2374,-39.159,2452,7199,-3290,157312,4746.85,1470.111,4283,119000,245692.847,20477.324,7256,2.5,NPL,NPL ratio based on gross customer loans,2019,0.00598353195036239,0.01932026128542521,0.5902701212789415,0.6402791205394759,0.705478413866888,0.9075814482118028,-2.489257017900732e-4,12.411837445346372,0.02928629380512437,Austria,62.78,79.9,54.43,0,-0.11658456930094842,-0.1686368375883058,0.05407008083268569,-0.14261070344462712,-0.07705044201885618,1.8,4.8,1.5,-0.42876712328767125
Erste Group Bank,2020,14.2,35839,191070,30676,378,2355,-1295,621,5107.9,4000,163417,4775,783,4221,120000,277394,22410,7155,2.7,NPL,NPL ratio,2020,0.00282269984210184,0.01721378256198764,0.589937106918239,0.5891151214517978,0.6888036511243935,0.8552729366200869,-0.00792451213766009,12.533194157212945,0.03880822823433694,Austria,65.79,81.38,55.58,1,-0.11920957545492226,-0.3332711006739044,-0.16606578076207582,-0.22624033806441335,-0.2061821522969675,-6.3,6,1.4,-0.5
Erste Group Bank,2021,14.5,45495,210523,32130,419,2722,-159,1610,6585,4000,184177,4976,1923,4307,129647,307428,23513,7742,2.4,NPL,NPL ratio,2021,0.00625512315078652,0.0161859036912708,0.5563161973650219,0.599089868196781,0.6847879828772916,0.8748545289588311,-8.632999777388056e-4,12.635996192470712,0.12703696677824206,Austria,71.31,81.17,54.16,1,0.03739691411177807,-0.5064006762068969,-0.5917255988509719,-0.2345018810475594,-0.3535764536486969,4.9,6.2,2.8,-0.5
Erste Group Bank,2022,14.2,35685,223973,29300,436,2888,-299,5289,11240,-3830,198143,5950,2164,4574,143926,323865,25305,8570,2,NPL,NPL ratio,2022,0.00668179642752381,0.01837185246939311,0.5337222870478413,0.6118073888811696,0.6915628425424174,0.8846735990498855,-0.00150901116870139,12.688082041278124,0.07582922949119597,Austria,73.13,81.89,56.82,1,0.04341874097238115,-0.9371304435969566,-0.35160889081108154,-0.4468558513122877,-0.41510686447855233,5.3,4.8,8.6,0.011643835616438355
Erste Group Bank,2023,15.7,36685,232815,43759,464,3104,-128,12262,19490,-3915,203156,7228,2998,5020,146545,337155,28502,10552,2,NPL,NPL ratio,2023,0.00889205261674897,0.02143821091189512,0.4757391963608794,0.6025596535717993,0.690528095386395,0.8726070055623564,-6.300576896572092e-4,12.728298044247037,0.02529990966120432,Austria,77.17,84.4,62.41,1,0.12241637876386528,-0.8725358480269456,-0.15048857159013687,-0.3750597346315402,-0.3002026802844057,-0.8,5.1,7.7,3.3075342465753423
Erste Group Bank,2024,15.1,25129,241651,51889,517,3454,-397,11581,19109,4100,213024,7528,3125,5279,159100,353736,30767,11178,2.6,NPL,NPL ratio – non-performing loans as a percentage of gross customer loans,2024,0.00883427188637854,0.02128140760341045,0.4722669529432814,0.6022118189836488,0.6831394033968835,0.8815357685256837,-0.00186363977767763,12.776306151184704,0.04857351001201038,Austria,78.24,84.46,64.07,1,0.0631853674471962,-1.320986956236708,-0.20521639636083172,-0.6289007943947559,-0.4876726617167812,-0.7,5.2,2.9,3.73224043715847
Eurobank,2015,17,1798,31446,150,178,370,-2665,1123,2586,-11790,51683,1463,-1155,1017,38888,73553,7132,1762,NA,NA,NA,2015,-0.01570296248963332,0.01989041915353554,0.5771850170261067,0.702663385585904,0.42752844887360136,1.6435476690199071,-0.05156434417506724,11.20576151377695,NA,Greece,13.87,54.59,23.69,0,-1.618157626786033,-1.305550295052147,-1.1489803204871307,-1.46185396091909,-1.3575627474417702,-0.2,25,-1.1,-0.2063013698630137
Eurobank,2016,17.6,1477,34031,102,137,381,-775,829,2377,-11598,50656,1548,249,992,38511,66393,7355,2062,NA,NA,NA,2016,0.00375039537300619,0.02331571099362884,0.481086323957323,0.7629720000602473,0.5125690961396533,1.4885251682289675,-0.01529927353126974,11.10334690822052,-0.01987113751136737,Greece,19.16,56.67,23.44,0,-1.5392460932089729,-1.4367003481637013,-1.2608951280320042,-1.487973220686337,-1.4122805231348927,0,23.9,0,-0.3795081967213115
Eurobank,2017,17.9,1524,33843,549,114,372,-750,700,2164,-10134,47242,1464,115,895,38387,60029,7150,1882,NA,NA,NA,2017,0.00191574072531609,0.02438821236402405,0.4755579171094581,0.7869862899598528,0.5637775075380232,1.3959164376680555,-0.01587570382286948,11.00258305776964,-0.06739576753000631,Greece,25.12,59.43,26.11,0,-1.4245601074408278,-1.4018154342089144,-1.291576104228563,-1.4131877708248712,-1.3726505486261018,1.5,21.8,1.1,-0.4
Eurobank,2018,14.2,1924,39083,2707,124,422,-680,770,2186,-8800,44973,1416,91,879,38849,57984,5031,1845,NA,NA,NA,2018,0.00156939845474613,0.0244205298013245,0.4764227642276423,0.7756105132450332,0.6740307671081678,1.1507049100631987,-0.01512018322104373,10.967922389402652,-0.04802929596545446,Greece,27.28,61.01,30.13,0,-1.473577488424695,-1.6203610984466854,-1.179385975101296,-1.5469692934356902,-1.424441520657559,2.1,19.7,0.8,-0.4
Eurobank,2019,16.7,4679,44841,2406,119,413,-624,728,2105,-7099,44406,1377,127,901,41407,64761,6667,1844,29.2,NPE,driving the NPE ratio to,2019,0.00196105680888188,0.02126279705378236,0.4886117136659436,0.6856904618520406,0.692407467457266,0.9902990566668896,-0.01405215511417376,11.078458849302988,-0.01260756453872324,Greece,30.51,64.5,32.43,0,-1.5267296221684867,-1.6910204265751518,-1.2811699476535774,-1.6088750243718193,-1.499639998799072,2.3,17.9,0.5,-0.42876712328767125
Eurobank,2020,12.4,6637,47306,1559,91,331,-449,447,1454,-3477,40874,1007,247,652,NA,67726,5225,1984,14,NPE,driving the NPE ratio to,2020,0.00364704840090954,0.01486873578832354,0.3286290322580645,0.6035200661488941,0.6984909783539557,0.8640341605715977,-0.01098497822576699,11.123225432440446,-0.07953880106291944,Greece,36.55,68.7,38.28,1,-1.4440787217933233,-1.7459984192644136,-1.1949599376786784,-1.5950385705288683,-1.4616790262454715,-9.2,17.6,-1.3,-0.5
Eurobank,2021,12.4,13515,53232,2554,NA,358,-413,521,1833,-1872,40815,1312,397,869,NA,77848,5565,1885,6.8,NPE,driving the NPE ratio at,2021,0.0050996814304799,0.01685335525639708,0.4610079575596817,0.5242909259068955,0.6837940602199157,0.7667380522993688,-0.01011882886193801,11.262513486501826,-0.00144346039046827,Greece,42.4,70.16,46.76,1,-1.4024355479732662,-1.8334292315536929,-1.056592146877277,-1.6179323897634794,-1.430818975468079,8.7,14.7,0.6,-0.5
Eurobank,2022,15.1,14994,57297,3554,136,584,-292,764,2315,-1626,43450,1551,1336,910,NA,81457,6653,3135,5.2,NPE,driving the NPE ratio to,2022,0.01640129147893981,0.01904072087113446,0.2902711323763955,0.5334102655388733,0.7034017948119867,0.7583294064261654,-0.00672036823935558,11.30783055263325,0.06455959818694113,Greece,49.78,77.27,45.8,1,-1.1859014608098533,-1.7113202515290595,-1.0805460855717528,-1.4486108561694564,-1.3259225993035553,5.5,12.5,9.3,0.011643835616438355
Eurobank,2023,16.1,10943,57842,4758,NA,447,-413,2280,4454,-1258,42804,2174,1136,906,NA,79815,7532,2914,3.5,NPE,driving the NPE ratio to,2023,0.01423291361272943,0.02723798784689594,0.3109128345916266,0.5362901710204848,0.7247008707636409,0.7400159053974621,-0.00964863096906831,11.28746673569858,-0.014867663981588,Greece,52.01,80.02,48.3,1,-1.277394703307526,-1.6595144591841944,-1.1125806202928603,-1.4684545812458605,-1.3498299275948602,2.1,11.1,4.2,3.3075342465753423
Eurobank,2024,17.6,16131,78860,7057,144,705,-305,2593,5097,-1309,52245,2504,1514,1090,NA,101151,8636,3339,2.9,NPE,"The Group NPE ratio, excluding the NPE covered by the APS, decreased to",2024,0.01496772152524443,0.02475506915403703,0.3264450434261755,0.5165050271376457,0.7796264989965497,0.6625031701749936,-0.00583787922289214,11.524369728854486,0.22056349873843573,Greece,54.15,82.53,54.17,1,-1.3751861462076211,-1.7060058958665048,-0.9145595778668458,-1.540596021037063,-1.3319172066469906,2.1,10.1,3,3.73224043715847
ING Groep,2015,12.7,21458,500777,121289,1093,3411,1347,33760,46321,5786,543115,12561,4010,9246,321151,841769,48470,16845,2.5,NPL,ING Bank’s non-performing loan ratio,2015,0.00476377723579746,0.01492214609946434,0.548886910062333,0.6452067016010331,0.5949102425962467,1.08454461766415,0.00248013772405475,13.643260908791149,NA,Netherlands,84.53,85.14,59.39,0,1.1099695110656118,1.0787575580830893,0.9375744050582532,1.0943635345743503,1.042100491402318,2.1,7.9,0.2,-0.2063013698630137
ING Groep,2016,14.18,18144,522942,103234,1148,3581,974,30941,44182,5308,568838,13241,4651,10614,314325,845081,50399,17491,2.1,NPL,NPL ratio,2016,0.00550361444642584,0.01566832055152109,0.6068263678463209,0.673116541491289,0.6188069545996182,1.0877649911462457,0.00171226254223522,13.647187759733391,0.04736197674525644,Netherlands,84.69,86.49,62.64,0,1.054024790825551,1.002459297838766,0.98531026471962,1.0282420443321585,1.0139314511279789,2.4,7,0.1,-0.3795081967213115
ING Groep,2017,14.7,21989,539799,96086,1155,3865,676,30244,43958,4628,579050,13714,4905,9829,309887,846216,51121,17773,1.9,NPL,The NPL ratio,2017,0.00579639241044839,0.01620626412168997,0.5530298767793844,0.6842815545912627,0.6378974162625145,1.0727141028419838,0.00116742941024091,13.64852992514891,0.01795238714713143,Netherlands,88.91,89.72,68.05,0,1.1260837589078252,1.1212955502267388,1.1277177883269842,1.123689654567282,1.125032365820516,2.8,5.9,1.3,-0.4
ING Groep,2018,14.5,45987,556000,119751,1442,4240,656,13850,27766,NA,600000,13916,4703,10682,314149,887000,51735,18176,1.5,Stage3,Stage 3 ratio,2018,0.0053021420518602,0.01568883878241262,0.5876980633802817,0.6764374295377678,0.6268320180383314,1.079136690647482,0.00109333333333333,13.695600261291716,0.03617994991796913,Netherlands,88.94,90.23,69.82,0,1.1242132681685049,1.073678370182718,1.1871724373538273,1.0989458191756114,1.1283546919016834,2.3,4.9,1.6,-0.4
ING Groep,2019,14.57,53202,574433,118528,1571,4439,1120,14376,28454,4646,620945,14079,4781,10353,326414,891744,54662,18306,1.3,Stage3,stage 3 make up ... of total amounts,2019,0.00536140416980658,0.01578816341909785,0.5655522779416585,0.6963265242042559,0.6441680572002727,1.0809702785181214,0.00180370242130945,13.700934374855358,0.03490833333333332,Netherlands,90.63,91.86,69.88,0,1.1004138726687118,1.0136818458066723,0.9917727372014474,1.057047859237692,1.0352894852256105,2.3,4.4,2.7,-0.42876712328767125
ING Groep,2020,15.5,111087,609642,82065,1503,4514,2675,9094,22698,5854,603956,13604,2485,11153,306324,937275,55659,17637,1.7,Stage3,Stage 3 ratio,2020,0.00265130297938171,0.01451441679336374,0.6323637806883257,0.6443743831852978,0.6504409058173962,0.990673214771948,0.0044291305989178,13.750732008022094,-0.02735991110323776,Netherlands,89.41,90.71,77.32,1,0.95101645862555,0.7062198995192704,1.1268913852128917,0.8286181790724103,0.9280425811192374,-3.9,4.9,1.1,-0.5
ING Groep,2021,15.89,106520,617296,91784,1487,5004,516,7499,21114,5368,632782,13615,4776,11192,313064,951290,54654,18490,1.3,Stage3,Stage 3 makes up ... of total gross carrying amounts,2021,0.00502055104121771,0.0143121445615953,0.6053001622498648,0.6651830672034816,0.6489041196690809,1.0250868303050724,8.154467099253771e-4,13.765574237208256,0.04772864248388964,Netherlands,90.76,91.49,83.26,1,1.006083921636998,0.7374626018293355,1.23633069136058,0.8717732617331668,0.9932924049423044,6.3,4.2,2.8,-0.5
ING Groep,2022,14.5,87614,640770,95918,1499,5085,1861,14714,28470,6101,641490,13756,3674,11199,331520,967817,50413,18561,1.2,NPL,non-performing loans,2022,0.00379617221024222,0.01421343084488079,0.6033618878293195,0.6628215871388909,0.6620776448440149,1.0011236481108663,0.00290105847324198,13.782798298799811,0.01376145339153134,Netherlands,90.72,92.63,79.48,1,0.96948907713296,0.8626094995179294,1.1472764842594094,0.9160492883254449,0.993125020303433,5,3.5,11.6,0.011643835616438355
ING Groep,2023,14.7,90214,650267,124670,1514,5109,520,36252,52227,5839,648023,15976,7287,11564,319169,975583,52184,22575,1.3,NPL,non-performing loans,2023,0.00746937984774232,0.01637584910766177,0.5122480620155039,0.664241791831141,0.6665419549131135,0.996549109827194,8.024406541125855e-4,13.790790519997833,0.01018410263605051,Netherlands,95.13,97.67,84.2,1,1.1216455931518692,1.5117577981047128,1.3352652017076911,1.316701695628291,1.322889530988091,-0.6,3.6,4.1,3.3075342465753423
ING Groep,2024,13.6,70353,691661,142367,1596,5604,1194,34889,58905,6049,686066,15023,6392,12121,333708,1020545,51309,22615,1.4,NPL,non-performing loans,2024,0.00626332008877609,0.01472056597210314,0.535971700198983,0.6722545306674375,0.6777368954823159,0.9919107771003424,0.00174035734171347,13.835847356291191,0.05870624962385595,Netherlands,96.35,98.3,86.66,1,1.1445016029095765,1.439977875098218,1.4133757723483475,1.292239739003897,1.3326184167853807,1.1,3.7,3.2,3.73224043715847
Intesa Sanpaolo,2015,13,9344,255258,110144,1686,8735,-2824,4910,14148,-32101,382111,9238,2739,10025,284319,676496,48593,17149,9.5,NPL,Non-performing loans (as % of total loans to customers),2015,0.00404880442752063,0.01365566093517182,0.5845821913814216,0.5648385208486081,0.37732373879520353,1.4969599385719548,-0.00739052264917785,13.424681813789098,NA,Italy,28.06,62.14,18.09,0,-1.0702928647408183,-0.7163023640809185,-1.4762830225334655,-0.8932976144108685,-1.0876260837850675,0.9,12,0.2,-0.2063013698630137
Intesa Sanpaolo,2016,12.7,8686,291876,94783,1730,8465,-3288,4250,12865,-30205,394918,8615,3111,8674,283918,725100,49319,16929,8.2,Other,non-performing assets as a percentage of total net loans to customers,2016,0.00429044269755895,0.01188111984553854,0.5123752141296001,0.5446393600882636,0.4025320645428217,1.3530334799709465,-0.00832577902248061,13.494064855359683,0.03351643894051737,Italy,28.96,65.87,20.11,0,-1.1514228876002697,-0.684176245439935,-1.4517079840999356,-0.9177995665201022,-1.0957690390467134,1.2,11.7,-0.1,-0.3795081967213115
Intesa Sanpaolo,2017,13.3,9353,323443,95038,2116,9544,-3288,3871,12398,-27505,438387,8527,7316,9210,286825,796861,56604,17443,6.2,Other,non-performing assets as a percentage of total net loans to customers,2017,0.00918102404308907,0.01070073701686994,0.5280055036404289,0.5501423711287163,0.4058963859443491,1.3553763723438133,-0.00750022240623011,13.588435538547149,0.11007095143802004,Italy,30.83,68,23.01,0,-1.196245693318696,-0.6879474534689491,-1.4703984949515527,-0.9420965733938226,-1.118197213913066,1.6,11.3,1.3,-0.4
Intesa Sanpaolo,2018,13.5,10350,323386,92985,2308,9911,-2394,3144,10486,-22008,415558,7342,4050,10285,276446,787721,54024,17875,4.2,Other,non-performing assets as a percentage of total net loans to customers,2018,0.00514141428246803,0.00932055892885933,0.5753846153846154,0.5275446509614444,0.4105336788025202,1.2850216150359013,-0.00576092867902916,13.576899245231946,-0.05207499309970409,Italy,33.83,71.49,25.72,0,-1.1976201505121835,-0.6541210699991792,-1.442336909818532,-0.9258706102556812,-1.0980260434432982,0.8,10.6,1.2,-0.4
Intesa Sanpaolo,2019,13.9,9745,414578,103316,2159,9658,-2089,3269,10193,NA,414037,6924,4182,9290,298524,816102,56203,18083,7.6,NPL,NPL to total loan ratios ... in gross book values,2019,0.00512435945506811,0.0084842335884485,0.5137421887961069,0.5073348674552935,0.5079977747879554,0.9986950585896984,-0.00504544279859046,13.612294626134394,-0.00366013889757865,Italy,36.31,72.79,28.15,0,-1.273279318275344,-0.8715035465296351,-1.5409348259227231,-1.0723914324024897,-1.2285725635759008,0.4,9.9,0.7,-0.42876712328767125
Intesa Sanpaolo,2020,14.7,9814,422365,91834,2334,10312,-4364,2451,10183,-12983,480682,7732,3277,9971,NA,1002614,66321,19023,NA,NA,NA,2020,0.00326845625534851,0.00771184124698039,0.5241549702991116,0.4794287731868895,0.4212638163839723,1.138072520213559,-0.00907876725153011,13.818121147408442,0.1609638752092204,Italy,39.45,75.58,31.42,1,-1.3126792510552463,-0.9794712937200364,-1.6029491814039902,-1.1460752723876415,-1.298366575393091,-8.9,9.3,-0.2,-0.5
Intesa Sanpaolo,2021,12.8,10483,458239,86558,2723,12087,-2843,2480,10473,-14218,603649,7993,4185,12999,331732,1069003,64066,20918,1.6,NPL,Net non-performing loans / Loans to customers,2021,0.00391486272723275,0.00747706040114012,0.6214265226121044,0.5646841028509743,0.4286601627871951,1.3173234927625104,-0.00470969056521256,13.88223699636433,0.25581777557720065,Italy,45.15,78.93,39.78,1,-1.265474660019829,-0.7763865039977066,-1.4950743773128998,-1.0209305820087675,-1.1789785137768118,8.9,9.5,2,-0.5
Intesa Sanpaolo,2022,13.8,112924,454025,76079,2708,11285,-3113,3547,13232,-8508,558599,9685,4354,10934,295443,975683,61821,21470,1.2,NPL,Net non-performing loans / Loans to customers,2022,0.00446251497668812,0.00992637977703823,0.5092687470889613,0.5725209929864515,0.4653406895477322,1.2303265238698309,-0.00557287069973272,13.790893017555916,-0.074629461823013,Italy,48.35,81.93,37.28,1,-1.2611874517541186,-0.9304275015369374,-1.6441164031181157,-1.095807476645528,-1.2785771188030572,4.8,8.1,8.7,0.011643835616438355
Intesa Sanpaolo,2023,13.7,89270,440449,108428,2727,10528,-1416,15589,32525,NA,NA,16936,7724,12578,302110,963570,64127,25138,1.8,NPL,NPL ratio ... in gross terms,2023,0.00801602374503149,0.01757630478325394,0.5003580237091256,NA,0.4571011965918408,NA,NA,13.778400415987893,NA,Italy,51.55,84.46,39.19,1,-1.3029874337428538,-0.8617553191069854,-1.7337470670456463,-1.0823713764249197,-1.2994966066318283,0.9,7.7,5.9,3.3075342465753423
Intesa Sanpaolo,2024,13.9,40533,443457,110369,2781,11392,-1139,16512,34602,-7498,560388,18090,8666,11570,282109,933285,65321,27107,1.2,NPL,Net non-performing loans / Net loans to customers,2024,0.00928548085525857,0.01938314662723605,0.42682701885121926,0.6004468088526013,0.4751571063501503,1.2636805823338002,-0.00203252032520325,13.74646589942211,NA,Italy,55.01,87.37,41.86,1,-1.3238370593772706,-0.7404661716135388,-1.7965812510324055,-1.032151615495405,-1.2869614940077383,0.8,6.5,1.1,3.73224043715847
Jyske Bank,2015,16.1,2825,144920,279393,414,2246,1372,5924,13628,6713,410030,7704,2476,5665,176904,543399,30040,10241,4.7,NPL,Non-performing loans and advances amounted to 4.7%,2015,0.00455650452061928,0.01417742763604644,0.5531686358754028,0.7545652457954468,0.26669169431669915,2.8293541264145734,0.00334609662707606,13.205599135707692,NA,Denmark,84.89,87.29,67.34,0,1.1238688284959344,1.246556637763638,1.4022273481418892,1.185212733129786,1.2575509381338206,2.1,6.3,0.2,-0.2063013698630137
Jyske Bank,2016,16.5,2068,154648,322240,452,1980,201,5079,11652,5937,438592,6573,3116,5621,182195,586703,32514,9728,3.7,NPL,NPL ratio,2016,0.00531103471432735,0.01120328343301466,0.5778166118421053,0.747553702640007,0.2635882209567703,2.836066421809529,4.5828469283525465e-4,13.282274008246713,0.06965831768407194,Denmark,87.86,89.34,71.12,0,1.1794737257010193,1.2355781774868897,1.4712240843760942,1.2075259515939545,1.2954253291880011,3.1,6,0,-0.3795081967213115
Jyske Bank,2017,16.4,19347,160023,341521,426,2380,-179,4931,11219,5157,447673,6288,3143,6027,187998,597440,34604,9850,2.9,NPL,NPL ratio,2017,0.00526077932512051,0.01052490626673808,0.6118781725888325,0.7493187600428495,0.2678478173540439,2.7975541015978953,-3.998454228867946e-4,13.300409139335494,0.02070489201809433,Denmark,89.77,91.36,68.82,0,1.1604708685654492,1.2579050587930798,1.172134962796888,1.2091879636792644,1.196836963385139,3.1,5.8,1.1,-0.4
Jyske Bank,2018,16.4,6081,148701,359763,471,2325,468,4678,10394,5607,487044,5716,2500,5415,188433,599947,34332,9023,1.5,NPL,NPL ratio,2018,0.00416703475473666,0.00952750826322992,0.6001329934611548,0.8118117100343863,0.24785689402563893,3.2753243085117116,9.608988099637816e-4,13.304596596963332,0.08794588907528489,Denmark,89.47,91.69,73.04,0,1.146542640549212,1.2082881451381906,1.379168357941016,1.1774153928437014,1.244666381209473,1.9,5.1,0.7,-0.4
Jyske Bank,2019,17.4,9889,140235,395593,423,2734,-101,4727,10038,5227,502918,5311,2440,5495,181448,649738,35710,8473,1.4,NPL,NPL ratio,2019,0.00375535985274064,0.00817406400733834,0.6485306266965656,0.7740319944346798,0.21583315120864105,3.5862516490177203,-2.0082796797887527e-4,13.384324483691405,0.03259253784052363,Denmark,90.78,92.09,73.89,0,1.1069686219073278,1.0364187435642684,1.235150578757353,1.071693682735798,1.126179314742983,1.7,5,0.7,-0.42876712328767125
Jyske Bank,2020,17.9,34951,136953,412525,377,2468,968,3942,8992,5761,508309,5050,1609,5424,179426,672648,36632,8502,1,NPL,NPL ratio,2020,0.00239203862941687,0.00750764144099142,0.6379675370501059,0.7556835075700812,0.203602775894673,3.711557979744876,0.0019043534542965,13.418977440594766,0.01071944134033775,Denmark,94.32,93.79,79.36,1,1.1734893556338108,1.0493744847920456,1.2482176326180867,1.111431920212928,1.1570271576813145,-1.8,5.6,0.3,-0.5
Jyske Bank,2021,18.2,30685,134212,413465,455,2763,-218,3734,8776,5443,504100,5042,3176,5432,188181,647122,38266,9241,1.1,NPL,Share of non-performing loans (net),2021,0.00490788444837294,0.00779142109215882,0.5878151715182339,0.7789875788491196,0.20739829583911537,3.7559979733555866,-4.3245387819877007e-4,13.380290118303945,-0.00828039637307231,Denmark,94.59,94.68,82.48,1,1.1968330855866942,1.1219513476564285,1.187331244406456,1.1593922166215611,1.168705225883193,6.5,5.1,1.9,-0.5
Jyske Bank,2022,15.2,58519,208405,419591,479,3008,-605,5401,11298,4741,557383,5897,3752,5584,220921,749997,40624,9536,1.2,Stage3,"stage 3 loans amounted to 1.2% of loans, advances and guarantees",2022,0.00500268667741337,0.00786269811745913,0.5855704697986577,0.7431803060545575,0.2778744448311127,2.674518365682206,-0.00108542958791351,13.527824485504492,0.1056992660186471,Denmark,94.35,93.54,77.85,1,1.160599669529941,1.0151014313833453,1.03945728031568,1.0878505504566431,1.0717194604096554,0.4,4.5,8.6,0.011643835616438355
Jyske Bank,2023,16.9,74737,218309,439428,501,3079,127,15325,24973,4972,571792,9648,5904,6844,225520,779675,45886,14859,1.1,Stage3,"stage 3 loans amounted to 1.1% of loans, advances and guarantees",2023,0.00757238593003495,0.01237438676371565,0.4605962716198937,0.7333722384326803,0.28,2.619186565831001,2.2210873884209644e-4,13.566632445169432,0.02585116517726593,Denmark,96.22,95.19,79.78,1,1.1822892370094933,1.066162602746271,1.0338869695839463,1.124225919877882,1.0941129364465705,0.6,5.1,3.4,3.3075342465753423
Jyske Bank,2024,17.6,37392,198860,428802,491,3228,21,16624,25980,4756,584177,9356,5312,6917,229519,750200,50588,14103,1.1,Other,"stage-3 loans amounted to 1.1% of loans, advances and guarantees",2024,0.00708077845907757,0.0124713409757398,0.49046302205204567,0.7786950146627566,0.2650759797387363,2.937629488082068,3.594800890825897e-5,13.528095116629924,0.021659974256373,Denmark,97.76,96.52,81.79,1,1.228690222015152,1.0848826872531188,1.064436247708521,1.156786454634135,1.1260030523255973,3.5,6.2,1.3,3.73224043715847
KBC Group,2015,14.9,7038,170109,21463,670,2348,-747,2839,7150,5623,143400,4311,2639,3890,89067,252356,15811,7148,8.6,Impaired,Impaired loans ratio,2015,0.01045744900061817,0.01708300971643234,0.5442081701175154,0.5682448604352581,0.6740834376832728,0.8429889071124984,-0.0052092050209205,12.438596067986644,NA,Belgium,62.28,73.32,42.27,0,0.25091447544150924,0.15625285025793337,-0.06303671262625574,0.2035836628497213,0.11471020435772895,1.5,8.7,0.6,-0.2063013698630137
KBC Group,2016,15.8,20148,177730,32659,651,2101,-201,2384,6642,-5094,147526,4258,2427,3948,87782,275200,17357,7211,7.2,Impaired,Impaired loans ratio,2016,0.00881904069767441,0.01547238372093023,0.5474968797670227,0.5360683139534884,0.6458212209302325,0.8300568277724638,-0.00136247169990374,12.525253385041326,0.02877266387726629,Belgium,64.48,74.14,46.35,0,0.25423836374882697,-0.00772251396976749,0.05187440125217216,0.12325792488952972,0.09946341701041056,1.2,7.9,1.8,-0.3795081967213115
KBC Group,2017,16.3,29727,193968,41227,908,2615,30,2216,6337,4058,154160,4121,2575,4074,92410,292342,18803,7700,6,Impaired,Impaired loans ratio,2017,0.00880817672452128,0.0140965034103892,0.5290909090909091,0.5273275820785245,0.6634968632628907,0.7947702713849707,1.9460300985988584e-4,12.585679628768997,0.04496834456299226,Belgium,66.63,76.2,48.55,0,0.2352177087079819,-0.0048999106372435,0.00286726603720908,0.11515889903536916,0.07772835470264915,1.5,7.2,2.2,-0.4
KBC Group,2018,16,18691,194291,34648,737,2456,17,2453,6996,-3523,164824,4543,2570,4234,94875,283808,19633,7512,4.3,Impaired,Impaired loans ratio,2018,0.00905541774720938,0.01600730071033938,0.5636315228966986,0.5807588228661631,0.6845860581801781,0.84833574380697,1.031403193709654e-4,12.55605323217618,0.06917488323819398,Belgium,68.74,82.17,49.02,0,0.2731692642245761,0.330558653647708,-0.05304965836465473,0.30186395893614204,0.18355941983587645,1.9,6,2.3,-0.4
KBC Group,2019,17.1,8356,203369,30185,741,2476,-217,2626,7244,-2855,175431,4618,2489,4303,99071,290735,20365,7629,3.5,Impaired,Impaired loans ratio,2019,0.00856106075979844,0.01588388050974255,0.5640319832219164,0.6034051627770994,0.6994995442585172,0.8626240970846097,-0.00123695356008915,12.580167478336392,0.0643534922098723,Belgium,71.18,84.58,54.61,0,0.25048138806153475,0.29400960374016344,0.06499477197484602,0.2722454959008491,0.20316192125884808,2.4,5.5,1.3,-0.42876712328767125
KBC Group,2020,17.6,24583,215430,24877,755,2365,-1182,1797,6264,-3695,180891,4467,1440,4156,102111,320743,21530,7195,3.3,Impaired,Impaired loans ratio,2020,0.00448957576626769,0.01392703815827625,0.5776233495482974,0.5639748957888403,0.6716592411993403,0.8396741400919092,-0.00653432177388593,12.678395458389389,0.03112334764095292,Belgium,75.3,84.48,64.64,1,0.3116900682413219,0.01211176112661556,0.37276549447864227,0.16190091468396872,0.2321891079488599,-4.8,5.8,0.4,-0.5
KBC Group,2021,15.5,40653,199476,26617,856,2692,334,1869,6320,-2573,188400,4451,2614,4396,104646,340346,23077,7558,2.9,Impaired,Impaired loans ratio,2021,0.00768041933796783,0.01307786781686871,0.5816353532680604,0.5535543241289747,0.5860976770698054,0.9444745232509174,0.0017728237791932,12.737718026199426,0.04151118629450878,Belgium,75.26,86.2,66.13,1,0.2341225531721699,0.09986214244836034,0.1602274524834703,0.16699234781026512,0.1647373827013335,6.3,6.3,3.2,-0.5
KBC Group,2022,15.3,51427,224407,28338,957,2804,-154,6064,11226,-2619,205720,5161,2743,4818,109981,355872,20807,8463,2.1,Impaired,Impaired loans ratio,2022,0.00770782753349518,0.01450240535923028,0.5693016660758596,0.5780730150166352,0.6305834682132901,0.916727196566952,-7.485903169356406e-4,12.782326394618568,0.0919320594479831,Belgium,79.51,88.65,62.6,1,0.37931008518525783,0.1956667645461202,0.03071932930839942,0.28748842486568904,0.20189872634659248,4,5.6,10.3,0.011643835616438355
KBC Group,2023,15.2,34530,216423,43068,642,2991,-215,14697,20170,-2474,202953,5473,3402,5125,113038,346921,24260,11224,2.1,Impaired,Impaired loans ratio,2023,0.0098062671328631,0.01577592593126389,0.4566108339272986,0.5850121497401426,0.6238394331850767,0.9377607740397278,-0.00105935857070356,12.756852367303171,-0.01345032082442154,Belgium,79.6,89.75,64.97,1,0.257612759107008,0.08872798066969062,0.02406533660823128,0.1731703698883493,0.12346869212830996,1.7,5.5,2.3,3.3075342465753423
KBC Group,2024,15,46834,228747,43590,675,3253,-248,14172,19746,-2448,192067,5574,3415,5097,119945,373048,24311,11167,2,Impaired(APM),Impaired loans ratio (APM),2024,0.00915431794299929,0.01494177692951041,0.45643413629443896,0.5148586777036736,0.613183826210032,0.8396481702492273,-0.0012912160860533,12.829462376673655,-0.05363803442176262,Belgium,83.34,92.55,65.33,1,0.36769739399927515,0.29290072335141004,-0.11493635507824763,0.3302990586753426,0.18188725409081252,1.1,5.7,4.3,3.73224043715847
National Bank of Greece,2015,14.6,2208,42959,1106,256,349,-4263,654,2559,-12843,58218,1905,-4227,1301,NA,111232,9824,1972,NA,NA,NA,2015,-0.03800165420023015,0.0171263665132336,0.65973630831643,0.5233925489067894,0.3862108026467203,1.355199143369259,-0.07322477584252293,11.619373389185007,NA,Greece,13.87,54.59,23.69,0,-1.618157626786033,-1.305550295052147,-1.1489803204871307,-1.46185396091909,-1.3575627474417702,-0.2,25,-1.1,-0.2063013698630137
National Bank of Greece,2016,16.3,1501,40459,536,104,296,-809,342,2124,-11457,53100,1782,-2887,1169,NA,78531,7587,2064,NA,NA,NA,2016,-0.03676255236785473,0.02269167589868969,0.5663759689922481,0.6761661000114605,0.5151978199691841,1.3124397538248598,-0.01523540489642184,11.271248730274856,-0.08791095537462645,Greece,19.16,56.67,23.44,0,-1.5392460932089729,-1.4367003481637013,-1.2608951280320042,-1.487973220686337,-1.4122805231348927,0,23.9,0,-0.3795081967213115
National Bank of Greece,2017,17,1778,40265,1026,69,309,-811,256,1807,-10239,48180,1551,-443,944,NA,64768,7379,1617,NA,NA,NA,2017,-0.00683979743083004,0.02394701086956521,0.5837971552257266,0.7438858695652174,0.621680459486166,1.1965727058239166,-0.0168327106683271,11.078566933207084,-0.09265536723163836,Greece,25.12,59.43,26.11,0,-1.4245601074408278,-1.4018154342089144,-1.291576104228563,-1.4131877708248712,-1.3726505486261018,1.5,21.8,1.1,-0.4
National Bank of Greece,2018,16.1,5138,43027,1146,92,332,-312,243,1337,-9466,39600,1094,-84,921,NA,65095,5638,1320,NA,NA,NA,2018,-0.00129042169137414,0.01680620631384899,0.6977272727272728,0.6083416545049543,0.6609877870804209,0.9203523369047344,-0.00787878787878788,11.083603020331497,-0.17808219178082196,Greece,27.28,61.01,30.13,0,-1.473577488424695,-1.6203610984466854,-1.179385975101296,-1.5469692934356902,-1.424441520657559,2.1,19.7,0.8,-0.4
National Bank of Greece,2019,16,3502,43648,1365,100,355,-342,247,1433,-5757,34811,1186,-255,NA,NA,64248,5277,1681,NA,NA,NA,2019,-0.0039689951438177,0.01845971859046196,NA,0.5418223135350517,0.6793674511268833,0.7975394061583577,-0.00982448076757346,11.070505873868298,-0.1209343434343434,Greece,30.51,64.5,32.43,0,-1.5267296221684867,-1.6910204265751518,-1.2811699476535774,-1.6088750243718193,-1.499639998799072,2.3,17.9,0.5,-0.42876712328767125
National Bank of Greece,2020,NA,9175,48504,910,108,364,-1106,206,1375,-2707,29445,1169,38,NA,NA,77485,5079,2522,NA,NA,NA,2020,4.904175001613216e-4,0.01508679099180486,NA,0.3800090340065819,0.6259792217848615,0.6070633349826818,-0.03756155544235014,11.257839648221434,-0.15414667777426672,Greece,36.55,68.7,38.28,1,-1.4440787217933233,-1.7459984192644136,-1.1949599376786784,-1.5950385705288683,-1.4616790262454715,-9.2,17.6,-1.3,-0.5
National Bank of Greece,2021,16.9,15827,53493,912,134,421,-78,149,1361,-1655,31747,1212,867,915,34700,83958,5772,1903,7,NPE,NPE ratio,2021,0.01032659186736225,0.01443578932323304,0.48081975827640566,0.3781295409609567,0.6371399985707139,0.5934795206849495,-0.00245692506378555,11.338071952783768,0.0781796569876041,Greece,42.4,70.16,46.76,1,-1.4024355479732662,-1.8334292315536929,-1.056592146877277,-1.6179323897634794,-1.430818975468079,8.7,14.7,0.6,-0.5
National Bank of Greece,2022,16.6,14226,55192,1731,117,464,-280,152,1521,-1493,36555,1369,1120,805,36400,78113,6475,2355,5.2,NPE,NPE ratio,2022,0.01433820234788063,0.01752589197700766,0.34182590233545646,0.4679758810953362,0.7065661285573465,0.6623242498912886,-0.00765969087676104,11.265911775241015,0.15144738085488396,Greece,49.78,77.27,45.8,1,-1.1859014608098533,-1.7113202515290595,-1.0805460855717528,-1.4486108561694564,-1.3259225993035553,5.5,12.5,9.3,0.011643835616438355
National Bank of Greece,2023,17.8,9015,57126,2323,80,462,-325,522,2785,-1083,34907,2263,1106,928,37700,74584,7652,2760,3.7,NPE,NPE ratio,2023,0.01482891773034431,0.03034162823125603,0.336231884057971,0.4680226321999356,0.7659283492438056,0.6110527605643665,-0.00931045349070387,11.21968128597653,-0.04508275201750789,Greece,52.01,80.02,48.3,1,-1.277394703307526,-1.6595144591841944,-1.1125806202928603,-1.4684545812458605,-1.3498299275948602,2.1,11.1,4.2,3.3075342465753423
National Bank of Greece,2024,18.3,5380,57593,3618,84,511,-225,696,3052,-895,37034,2356,1158,1053,37400,74957,8452,2885,2.6,NPE,NPE ratio,2024,0.01544885734487773,0.03143135397627973,0.3649913344887348,0.49406993342849903,0.7683471857198126,0.6430295348393034,-0.00607549819085165,11.224669894766713,0.06093333715300653,Greece,54.15,82.53,54.17,1,-1.3751861462076211,-1.7060058958665048,-0.9145595778668458,-1.540596021037063,-1.3319172066469906,2.1,10.1,3,3.73224043715847
Nordea,2015,16.5,35500,193342,201937,1010,4035,-479,3439,8549,-2664,343582,5110,3662,4957,143294,646868,31032,10140,1.62,Impaired,"Impaired loans ratio, basis points",2015,0.00566112406240531,0.00789960239183264,0.4888560157790927,0.5311470037163687,0.2988894179337979,1.7770686141655718,-0.00139413589768963,13.379897534121282,NA,Finland,85.68,84.05,49.27,0,1.1543701084124758,0.9936873269892296,0.3460916649316627,1.0740287177008527,0.831383033444456,0.5,9.4,-0.2,-0.2063013698630137
Nordea,2016,18.4,32099,174028,191750,860,4098,-502,3020,7747,-2426,320113,4727,3766,4800,133157,615659,32410,9927,1.63,Impaired,"Impaired loans ratio, basis points",2016,0.00611702257256046,0.00767795159333332,0.4835297673012995,0.5199517914949672,0.2826694647524035,1.8394338842025424,-0.00156819623070603,13.330448517809852,-0.06830683796007941,Finland,86.41,85.21,47.9,0,1.1220917207895271,0.8977602922424156,0.14069119611862654,1.0099260065159714,0.7201810697168565,2.6,8.9,0.4,-0.3795081967213115
Nordea,2017,19.5,43081,172434,179114,863,4232,-369,2909,7575,-2333,312490,4666,3048,5102,125779,581612,33316,9469,1.86,Impaired,"Impaired loans ratio, basis points",2017,0.00524060714015529,0.00802253048424035,0.5388108564790368,0.5372825870167741,0.2964760011829192,1.812229606690096,-0.00118083778680917,13.27355883772587,-0.02381346586986466,Finland,87.41,87.19,57.51,0,1.066106242063132,0.9105503937189076,0.5197216598688187,0.9883283178910198,0.8321260985502861,3.3,8.7,0.8,-0.4
Nordea,2018,15.5,41578,164958,190422,853,3846,-173,2929,7253,2163,236497,4324,3081,4879,155886,551408,32901,9005,1.82,Impaired,"Impaired loans ratio, basis points",2018,0.00558751414560543,0.00784174331892174,0.5418101054969462,0.42889657023474453,0.2991577924150538,1.4336800882648917,-7.315103362833355e-4,13.220230285990343,-0.24318538193222183,Finland,88.71,87.93,51.2,0,1.1145231631731036,0.8616218753898495,0.07693515743660928,0.9880725192814764,0.6843600653331875,1.2,7.5,1.2,-0.4
Nordea,2019,16.3,35509,168725,193726,920,3931,-536,3334,NA,2328,324909,4318,1542,5986,150215,554848,31528,8635,1.78,Impaired,"Impaired loans ratio, basis points",2019,0.00277913951208258,0.00778231155199261,0.6932252460914882,0.5855819972316743,0.3040922919430186,1.9256719514002072,-0.00164969268318206,13.2264494813444,0.37383983729180503,Finland,90.72,89.82,55.23,0,1.1043467222118817,0.8120154483045181,0.10262426368673146,0.9581810852581998,0.6729954780677103,1.3,6.8,1.1,-0.42876712328767125
Nordea,2020,17.1,32955,183431,174309,897,3856,-908,2013,NA,-2448,332209,4515,2265,4643,155440,552160,33740,8466,1.51,Stage3,"Impairment rate, (stage 3) gross, basis points",2020,0.00410207186322804,0.00817697768762677,0.5484290101582802,0.6016535062300782,0.3322062445667922,1.8110842769215671,-0.00273321914818683,13.22159313833183,0.02246782945378545,Finland,92.18,91.94,59.66,1,1.0765256082615755,0.8432589059756058,0.07658671404831362,0.9598922571185906,0.665457076095165,-2.5,7.7,0.4,-0.5
Nordea,2021,17,47495,205801,175792,977,4472,-118,1167,NA,-2206,347253,4925,3831,4649,151906,570353,33503,9620,1.28,Stage3,"Impairment rate, (stage 3) gross, bp",2021,0.00671689287160758,0.00863500323483877,0.4832640332640333,0.6088387367121765,0.3608309240067116,1.687324162661989,-3.3980987925230307e-4,13.254010746370325,0.04528474544639072,Finland,93.26,92.54,61.96,1,1.1305938197764864,0.8640184586062792,-0.10173112930973104,0.9973061391913828,0.6309603830243449,2.7,7.7,2.1,-0.5
Nordea,2022,16.4,61815,217464,179803,942,4278,-112,3474,NA,-1673,347387,5664,3595,4903,145299,594844,31404,9796,0.81,Stage3,"Impairment rate, (stage 3) gross, bp",2022,0.0060436013475802,0.00952182420937254,0.5005104124132299,0.5839968126096926,0.3655815642420534,1.5974460140529008,-3.2240699853477533e-4,13.296054465277354,3.858857950831407e-4,Finland,94.68,91.71,63.47,1,1.177973359747849,0.7084418321375106,0.08826700257897856,0.9432075959426798,0.6582273981547794,0.8,6.8,7.2,0.011643835616438355
Nordea,2023,17,50622,210062,182548,902,3923,-187,12278,NA,1825,346460,7451,4934,5238,138719,584702,31225,11743,0.89,Stage3,"Impairment ratio (stage 3), gross, bp",2023,0.00843848661369381,0.01274324356680839,0.44605296772545344,0.5925411577179487,0.3592633512455918,1.6493225809522902,-5.397448478900883e-4,13.278857594715465,-0.00266849363965837,Finland,94.48,92.84,64.39,1,1.0854819523193415,0.643925220047749,-0.01548203321796135,0.8647035861835454,0.5713083797163765,-1.3,7.2,4.3,3.3075342465753423
Nordea,2024,15.8,46562,232435,188136,907,4064,-198,13486,NA,-1605,359183,7594,5059,5330,155850,623355,32436,12084,1.04,Stage3,"Impairment ratio (stage 3), gross, bp",2024,0.00811576068211532,0.01218246424589519,0.44107911287653095,0.5762093830963095,0.3728774133519423,1.545305139071138,-5.51251033595688e-4,13.342871458916855,0.0367228540091209,Finland,94.99,87.66,64.47,1,1.0632983958290223,-0.6826135848297884,-0.17655606579493172,0.19034240549961695,0.06804291506810073,0.4,8.4,1,3.73224043715847
OP Financial Group,2015,19.5,8581,51941,27706,174,878,78,1460,2486,-494,75686,1026,853,1520,41824,125145,9324,2807,0.42,Other,"Ratio of receivables more than 90 days past due to loan and guarantee portfolio, %",2015,0.00681609333173518,0.00819848975188781,0.5415033843961524,0.604786447720644,0.4150465460066323,1.4571533085616373,0.00103057368601855,11.737228344004285,NA,Finland,85.68,84.05,49.27,0,1.1543701084124758,0.9936873269892296,0.3460916649316627,1.0740287177008527,0.831383033444456,0.5,9.4,-0.2,-0.2063013698630137
OP Financial Group,2016,20.1,9361,54822,28287,169,1028,77,1141,2200,-506,79111,1058,915,1567,44101,133747,10237,2989,3.2,Other,"Doubtful receivables / loan and guarantee portfolio, %",2016,0.00684127494448473,0.00791045780466103,0.5242556038808966,0.5914973793804721,0.4098933060180789,1.4430520593922147,9.7331597375839e-4,11.803705234600155,0.04525275480273771,Finland,86.41,85.21,47.9,0,1.1220917207895271,0.8977602922424156,0.14069119611862654,1.0099260065159714,0.7201810697168565,2.6,8.9,0.4,-0.3795081967213115
OP Financial Group,2017,20.1,12937,57991,26841,145,1073,48,882,1975,-491,82731,1094,854,1773,49216,137242,11121,3115,3.4,Other,"Doubtful receivables / loan and guarantee portfolio, %",2017,0.00622258492298276,0.0079713207327203,0.5691813804173355,0.6028110928141531,0.42254557642704127,1.4266179234708831,5.801936396272255e-4,11.829501069876985,0.04575849123383602,Finland,87.41,87.19,57.51,0,1.066106242063132,0.9105503937189076,0.5197216598688187,0.9883283178910198,0.8321260985502861,3.3,8.7,0.8,-0.4
OP Financial Group,2018,20.5,12350,61327,30456,125,1012,-46,805,1974,-525,87606,1175,794,1681,52126,140382,11835,2943,1,Other,"Ratio of non-performing receivables to loan and guarantee portfolio, %",2018,0.00565599578293513,0.00837001894829821,0.5711858647638464,0.6240543659443518,0.43685800173811457,1.4285062044450243,-5.250781909914846e-4,11.852122557226664,0.05892591652464007,Finland,88.71,87.93,51.2,0,1.1145231631731036,0.8616218753898495,0.07693515743660928,0.9880725192814764,0.6843600653331875,1.2,7.5,1.2,-0.4
OP Financial Group,2019,19.5,11988,63998,34369,139,1075,-87,60,1310,-554,92017,1241,670,1903,55482,147024,12570,3181,1.1,Other,"Ratio of non-performing receivables to loan and guarantee portfolio, %",2019,0.00455707911633474,0.00844079878115137,0.598239547312166,0.6258638045489172,0.43528947654804656,1.437810556579893,-9.454774661203908e-4,11.898351117740669,0.05035043261877048,Finland,90.72,89.82,55.23,0,1.1043467222118817,0.8120154483045181,0.10262426368673146,0.9581810852581998,0.6729954780677103,1.3,6.8,1.1,-0.42876712328767125
OP Financial Group,2020,18.9,21827,70940,34706,123,1054,-225,58,1344,-662,94306,1284,641,1839,59720,160207,13112,3103,1.1,Other,"Non-performing receivables / loan and guarantee portfolio, %",2020,0.00400107361101574,0.00801463107105182,0.5926522719948437,0.5886509328556181,0.44280212475110325,1.3293769382576823,-0.00238585031705299,11.984222008042554,0.02487583816034,Finland,92.18,91.94,59.66,1,1.0765256082615755,0.8432589059756058,0.07658671404831362,0.9598922571185906,0.665457076095165,-2.5,7.7,0.4,-0.5
OP Financial Group,2021,18.2,32846,75612,34895,121,1155,-158,34,1441,-715,97662,1409,904,2007,65731,174110,14184,3616,2.4,NPE,"Ratio of non-performing exposures to exposures, %**",2021,0.00519211992418585,0.00809258514732065,0.5550331858407079,0.5609212566768135,0.43427718109241287,1.2916203777178226,-0.00161782474247916,12.067442562360643,0.03558628295124388,Finland,93.26,92.54,61.96,1,1.1305938197764864,0.8640184586062792,-0.10173112930973104,0.9973061391913828,0.6309603830243449,2.7,7.7,2.1,-0.5
OP Financial Group,2022,17.4,35004,77121,37438,121,1126,-115,211,1843,-634,99180,1618,1023,1981,72327,175516,14335,3426,2.34,NPE,"Ratio of non-performing exposures to exposures, %",2022,0.00582852845324642,0.00921853278333599,0.5782253356684179,0.5650766881651815,0.4393958385560291,1.2860310421286032,-0.00115950796531558,12.075485485823668,0.01554340480432503,Finland,94.68,91.71,63.47,1,1.177973359747849,0.7084418321375106,0.08826700257897856,0.9432075959426798,0.6582273981547794,0.8,6.8,7.2,0.011643835616438355
OP Financial Group,2023,19.2,19755,76656,37511,130,1038,-269,2609,5480,-882,99517,2871,1642,1716,73495,160391,16262,4775,2.94,NPE,"Ratio of non-performing exposures to exposures, % **",2023,0.01023748215298863,0.01790000685824017,0.3593717277486911,0.6204649886839038,0.4779320535441514,1.2982284491755374,-0.0027030557593175,11.985369863114656,0.00339786247227258,Finland,94.48,92.84,64.39,1,1.0854819523193415,0.643925220047749,-0.01548203321796135,0.8647035861835454,0.5713083797163765,-1.3,7.2,4.3,3.3075342465753423
OP Financial Group,2024,21.5,18110,77653,33198,128,946,-96,3316,6112,-820,98917,2796,1987,2262,71756,161168,18110,4844,2.64,NPE,"Ratio of non-performing exposures to exposures, %",2024,0.01232875012409411,0.0173483569939442,0.4669694467382329,0.6137508686587908,0.48181400774347266,1.2738335930356843,-9.705106301242456e-4,11.990202578182462,-0.00602912065275285,Finland,94.99,87.66,64.47,1,1.0632983958290223,-0.6826135848297884,-0.17655606579493172,0.19034240549961695,0.06804291506810073,0.4,8.4,1,3.73224043715847
OTP Bank,2015,13.3,1878960,7984579,239376,43559,257431,318683,251998,802428,-1013620,6373674,550430,63171,465516,6576263,10718848,1233659,754912,16.6,Other,ratio of the more than 90 days past due to the above 360 days past due loans compared to the gross loan portfolio,2015,0.00589345049020193,0.05135160047049832,0.616649357805943,0.5946230415805878,0.7449101806462785,0.7982479727484693,0.04999989017323447,16.187514245145834,NA,Hungary,33.8,63.14,23.05,0,-0.8486759701573423,-0.6382562805085703,-1.1863863435781403,-0.7434661253329563,-0.891106198081351,3.7,6.6,0.1,-0.2063013698630137
OTP Bank,2016,13.5,1625357,8540583,146900,49244,272235,93473,169962,689691,-944273,6639754,519729,202452,456098,6730463,11307665,1420649,736315,13.9,Other,ratio of the more than 90 days past due to the above 360 days past due loans compared to the gross loan portfolio,2016,0.01790396160480523,0.04596253956939828,0.6194332588633941,0.5871905472968999,0.7552914770644514,0.777435685596639,0.01407778059247375,16.24099137231257,0.04174672253397338,Hungary,35.26,70.68,26.57,0,-0.9021079697089605,-0.2907370134724007,-1.0815425035597444,-0.5964224915906805,-0.7581291622470352,2.4,5,0.4,-0.3795081967213115
OTP Bank,2017,12.7,1198045,10233471,250320,54413,315606,-40848,112759,666515,-738796,7726630,553756,281339,499450,8389925,13190228,1640055,804945,9.01,Other,ratio of the more than 90 days past due to the above 360 days past due loans compared to the gross loan portfolio,2017,0.02132935078908416,0.04198229173900557,0.6204771754591929,0.5857844155536963,0.7758373092565193,0.7550351195601179,-0.00528665148971802,16.394986810366692,0.16369220907883042,Hungary,37.7,68.68,26.17,0,-0.921548666170001,-0.6313044865024169,-1.2881150256984404,-0.7764265763362089,-0.946989392790286,4.1,4,2.4,-0.4
OTP Bank,2018,13.6,1547272,11285085,417966,60405,338081,-39287,133235,757958,-685364,8751957,624723,318322,573281,9464463,14590288,1826657,881726,3.74,Other,NA,2018,0.02181738975954415,0.04281772916339965,0.6501804415430644,0.599848131853189,0.7734655409132432,0.7755331040927029,-0.00448893887389986,16.49586665985178,0.1327004140226722,Hungary,41.27,68.69,28.75,0,-0.8841663193565978,-0.9122768027904976,-1.2616699410672338,-0.8982215610735477,-1.019371021071443,5.6,3.6,2.9,-0.4
OTP Bank,2019,13.9,1784378,15171308,393167,72903,413348,-49120,197095,894144,-706907,12553167,697049,412582,641217,14262200,20121767,2291288,1077728,4.23,Other,NA,2019,0.02050426287114844,0.03464154017885208,0.5949710873244455,0.6238600715334791,0.753974936694178,0.8274281294664902,-0.00391295678612417,16.817312722401223,0.43432685969549434,Hungary,46.7,75.21,35.01,0,-0.8192536876805584,-0.6322718396888463,-1.1245827079492794,-0.7257627636847024,-0.858702745106228,5.1,3.3,3.4,-0.42876712328767125
OTP Bank,2020,15.4,2432312,17890863,464213,88896,486529,-200315,195216,977887,-829543,12504385,782671,259636,707667,15046888,23335841,2537112,1169920,9.01,Other,NA,2020,0.01112606140914312,0.0335394383257925,0.6048849493982494,0.5358446262982337,0.7666688764291804,0.698925758919511,-0.0160195803312198,16.965500976999454,-0.00388603130986786,Hungary,51.31,78.58,49.27,1,-0.7753007258988364,-0.6452298145582439,-0.5413445166085358,-0.7102652702285401,-0.6539583523552054,-4.3,4.1,3.4,-0.5
OTP Bank,2021,17.5,2556035,21068644,436325,111939,554113,-47645,243149,1117459,-851994,14345177,874310,456428,747612,16691313,27553384,3036766,1312092,3.74,Other,NA,2021,0.01656522480142548,0.03173149258181863,0.5697862649875162,0.5206321299772108,0.7646481463039168,0.680878038472718,-0.00332132534858231,17.131635917236032,0.14721171812928024,Hungary,55.98,82.29,57.62,1,-0.7260977812795651,-0.3714077623114912,-0.3743690777467805,-0.5487527717955282,-0.49062487377927894,7.2,4,5.2,-0.5
OTP Bank,2022,16.1,4221392,25188805,870682,139216,739576,-210458,912709,2004023,-966360,17060818,1091314,347081,975148,20405325,32804210,3322312,1661699,5.48,Stage3,ratio of Stage 3 + POCI loans compared to gross loans,2022,0.01058037977442529,0.03326749828756736,0.5868379291315695,0.5200801360557075,0.7678528152331667,0.6773174829056003,-0.01233575084148954,17.306067418776284,0.18930690084897517,Hungary,61.04,85,60.75,1,-0.5930900915564075,-0.4159766984305416,-0.09165215983018885,-0.5045333949934745,-0.3669063166057126,4.2,3.6,15.3,0.011643835616438355
OTP Bank,2023,16.6,7125049,28332431,2095548,169316,861309,-79281,1561558,2948264,-894031,18570564,1386706,990459,1074337,23700275,39609144,4094793,2243109,4.58,Stage3,Derived from Stage 3 + POCI loans / Loans at amortized cost gross total,2023,0.02500581683865725,0.03500974421461873,0.478949975235265,0.4688453757041556,0.7153002599601749,0.6554525448239863,-0.00426917566962425,17.494570558660218,0.08849200548297276,Hungary,65.52,88.28,58.98,1,-0.5257473376960599,-0.1753949778693852,-0.3843635345277939,-0.3505711577827225,-0.361835283364413,-0.8,4.1,17,3.3075342465753423
OTP Bank,2024,18.9,6079012,31658189,2593124,203332,1045987,-109142,1336782,3082122,-917734,21208115,1745340,1076140,1212774,25576775,43419128,5120013,2643575,4.23,Stage3,Derived from Stage 3 + POCI loans / Loans at amortized cost gross total,2024,0.02478492889124811,0.04019749083859998,0.45876284955032487,0.4884509656665606,0.7291300046375874,0.6699092926635822,-0.0051462376547845,17.586410639301654,0.14202858890015402,Hungary,66.85,90.36,61.73,1,-0.6168914918524456,-0.1439860527051998,-0.37287933017134406,-0.3804387722788227,-0.3779189582429965,0.7,4.5,3.7,3.73224043715847
PKO Bank Polski SA Group,2015,13.27,13743.864,195758.461,9432.973,747.702,3598.33,-1475.918,2629.168,9657.763,-8287.209,198700.917,7028.595,2601.253,6036.27,NA,266939.919,30264.913,10664.823,6.6,Impaired,share of impaired loans,2015,0.00974471337874347,0.02633025074080434,0.5659981417413116,0.744365690018809,0.7333427751583307,1.0150310540089502,-0.00742783688310809,12.49477888958912,NA,Poland,31.2,52.31,24.08,0,-0.9490599293763384,-1.4834953655971008,-1.126186025166047,-1.2162776474867196,-1.186247106713162,4.4,7.7,-0.7,-0.2063013698630137
PKO Bank Polski SA Group,2016,14.51,13325,205066,14493,886,3579,-1622,2209,9964,-8002,208609,7754,2876,5590,NA,285572,32568,11790,5.9,Impaired,share of impaired loans,2016,0.01007101536565209,0.02715252195593405,0.4741306191687871,0.7304952866527531,0.7180886081268472,1.0172773643607425,-0.00777531170754857,12.562249465425722,0.04986430435044253,Poland,39.11,57.16,30.67,0,-0.7497488532198268,-1.396620260083849,-0.8466077558484776,-1.073184556651838,-0.9976589563840512,3,6.3,-0.2,-0.3795081967213115
PKO Bank Polski SA Group,2017,NA,17810,218800,23932,949,3918,-1620,2313,10919,-7823,213452,8606,3109,5784,NA,296912,36256,12563,5.5,Impaired,Share of impaired loans,2017,0.01047111602090855,0.02898501913024734,0.4603995860861259,0.7189066120601391,0.7369186829767742,0.9755575868372944,-0.00758952832486929,12.60119107758412,0.02321568101088633,Poland,39.77,61.13,33.11,0,-0.8387796929243243,-1.260208016792585,-0.8877836090476179,-1.0494938548584547,-0.9955904395881756,5.2,5,1.6,-0.4
PKO Bank Polski SA Group,2018,17.54,22925,242816,28627,1029,4042,-1373,2241,11594,-8204,223115,9353,3742,5905,NA,324255,39101,13347,4.9,Impaired,Share of impaired exposures,2018,0.01154030007247382,0.02884458219611108,0.4424215179441073,0.6880849948343125,0.748842731800589,0.9188644899841856,-0.0061537772000986,12.689285522260263,0.04527013098963706,Poland,44.01,63.91,37.07,0,-0.768727677237471,-1.3529855180556771,-0.7655811027798408,-1.060856597646574,-0.9624314326909964,6.2,3.9,1.2,-0.4
PKO Bank Polski SA Group,2019,17.16,14677,258199,31148,1083,4130,-1147,2481,12760,-7221,230365,10279,4032,5611,NA,348044,41578,14670,4.1,Impaired,Share of impaired loans,2019,0.01158474215903736,0.02953362218570066,0.38248125426039536,0.6618847042327981,0.7418573513693671,0.8921994275733058,-0.00497905497796974,12.760084187545765,0.03249445353293145,Poland,47.27,68.18,41.39,0,-0.7943456405738185,-1.3272300624536193,-0.737363099688263,-1.060787851513719,-0.9529796009052336,4.6,3.3,2.2,-0.42876712328767125
PKO Bank Polski SA Group,2020,16.99,7474,282356,32098,1049,4953,-2174,1455,11801,-8824,225414,10346,-2561,5983,NA,376966,39911,14447,4.38,Stage3,"Note: This calculation is based on the amortized cost portfolio, as Stage 3 data for fair value loans was not separately reported as a ""gross"" figure for 2020",2020,-0.00679371614416154,0.02744544600839333,0.4141344223714266,0.5979690476064154,0.7490224582588351,0.7983326013968182,-0.00964447638567258,12.839910276686783,-0.02149198011850761,Poland,49.49,72.34,46.6,1,-0.8577652213275603,-1.340452091214772,-0.7001391639476879,-1.099108656271166,-0.9661188254966734,-2,3.2,3.6,-0.5
PKO Bank Polski SA Group,2021,17.03,11587,322296,23872,1165,5596,-1309,686,10568,-8688,238430,9882,4873,6174,NA,418086,37693,15090,3.91,Stage3,9 332 (Stage 3) ÷ 238 430 (Total Gross) = 0.03913,2021,0.01165549671598666,0.02363628535755801,0.40914512922465207,0.5702893663026267,0.7708844591782552,0.7397857869784298,-0.00549008094618965,12.943442431971782,0.05774264242682347,Poland,52.24,73.67,48.3,1,-0.9123645888962396,-1.410371081756485,-0.9598496490447757,-1.1613678353263623,-1.0941951065658335,6.9,3.4,5.2,-0.5
PKO Bank Polski SA Group,2022,16.65,15917,339582,15510,1564,6515,-1501,8327,20140,-9748,237912,11813,3333,7850,NA,430683,35435,17272,3.74,Stage3,Calculated: Stage 3 / Total Gross,2022,0.00773887058462953,0.02742852631750034,0.45449282075034736,0.552406294188533,0.7884731925801576,0.7006025054331502,-0.0063090554490736,12.973127599634008,-0.00217254540116595,Poland,55.55,80.32,50.91,1,-0.8821251197270487,-1.2002209194526725,-0.7425361885457067,-1.0411730195898603,-0.9416274092418092,5.3,2.9,13.2,0.011643835616438355
PKO Bank Polski SA Group,2023,17.77,17813,399193,17201,1675,6301,-1265,12899,31217,-10206,255984,18318,5505,7635,NA,501516,45227,24132,3.52,Stage3,Calculated: Stage 3 / Total Gross (amortized cost),2023,0.01097671858923743,0.03652525542554973,0.31638488314271507,0.5104204053310363,0.7959726110433166,0.6412537293990626,-0.0049417151071942,13.125390790162337,0.0759608594774539,Poland,59.09,79.51,49.87,1,-0.8834892000855287,-1.751148955003872,-1.00552998128058,-1.3173190775447003,-1.2133893787899936,0.2,2.8,10.8,3.3075342465753423
PKO Bank Polski SA Group,2024,17.39,23494,419778,23457,1667,6787,-966,9986,32139,-9185,273173,22153,9304,8487,NA,525225,52370,28736,3.82,Stage3,Calculated: (Stage 3 + POCI) / Total Gross,2024,0.01771431291351325,0.04217811414155838,0.29534381959910916,0.5201066209719644,0.7992346137369699,0.6507558757247879,-0.00353622063673935,13.171582021191828,0.06714872804550276,Poland,56.75,83.91,53.92,1,-1.2199447209065613,-1.4307073794472718,-0.9324722844705332,-1.3253260501769164,-1.1943747949414554,3,2.9,3.7,3.73224043715847
SEB,2015,18.8,101429,883785,639444,5463,22340,-883,18788,37726,-4878,1416806,18938,16581,22187,570840,2495964,142798,44148,0.6,NPL,NPL per cent of lending,2015,0.00664312466045183,0.00758744917795288,0.5025595723475582,0.5676387960723792,0.35408563585051706,1.603111616513066,-6.232328208660889e-4,14.73018558529052,NA,Sweden,79.64,81.98,56.23,0,0.9211704493037304,0.8321319339944693,0.7528821660463927,0.8766511916490999,0.8353948497815308,4.4,7.5,0.7,-0.2063013698630137
SEB,2016,18.8,151078,962028,668880,5872,22500,-993,16464,35202,-4789,1508335,18738,10618,27761,609959,2620646,140976,43771,0.5,NPL,NPL per cent of lending,2016,0.00405167275549616,0.00715014542215926,0.634232711155788,0.5755584691713417,0.36709574662125294,1.567870165941116,-6.583418139869459e-4,14.77893141023065,0.06460235205102172,Sweden,83.19,85.06,62.76,0,0.9946640960895248,0.88549087752409406,0.9921864036770228,0.9400774868068094,0.9574471257635472,2.1,7.1,1.1,-0.3795081967213115
SEB,2017,19.4,177222,1004721,614033,5472,23196,-808,16580,36472,-4476,1523995,19893,16244,21936,610819,2559596,143925,45609,0.54,NPL,NPL per cent of lending,2017,0.00634631402768249,0.00777192963264515,0.4809577057159771,0.5954045091491001,0.39253108693715727,1.5168340265606073,-5.30185466487751e-4,14.755359991502042,0.01038230896982428,Sweden,86.47,90.07,67.36,0,1.0285203315071243,1.1504500185183355,1.087915385230577,1.08948517501273,1.0889619117520122,1.9,6.8,1.9,-0.4
SEB,2018,17.6,209115,1111390,680670,5654,24018,-1166,18277,39299,-5813,1631237,21022,23134,21940,716498,2567516,148789,45868,0.5,Stage3,"Stage 3 loans/Total loans, gross, %",2018,0.00901026517458898,0.00818768023256719,0.47832911833958314,0.6353366444454485,0.4328658516636313,1.467744896031096,-7.147949684809748e-4,14.758449452508374,0.07036899727361301,Sweden,83.86,87.84,63.86,0,0.9101883404439922,0.8533240125501282,0.831801106080647,0.8817561764970603,0.8651044863582558,1.8,6.5,2,-0.4
SEB,2019,17.6,146691,1161485,858173,5467,24176,-2294,18772,41722,-6912,1706885,22950,20177,22945,745637,2856648,155700,50134,0.67,Stage3,"Stage 3 loans/Total loans, gross, %",2019,0.00706317334162276,0.0080338914700026,0.4576734351936809,0.5975132392930456,0.4065901714176895,1.4695712815920998,-0.00134396869150528,14.8651594674621,0.0463746224490984,Sweden,84.47,91.42,70.29,0,0.8312321706028912,0.9701851718356198,1.0166567559141466,0.9007086712192556,0.9393580327842193,2.6,6.9,1.7,-0.42876712328767125
SEB,2020,21,323776,1371227,749502,4870,22933,-6118,12435,37578,-9512,1718057,25143,15746,22747,725560,3040432,171943,49717,0.87,Stage3,"Stage 3 loans / Total loans – gross, %",2020,0.00517886931857051,0.00826954853783936,0.45752961763581873,0.5650700295221205,0.45099742405026655,1.252934051036043,-0.00356099943133435,14.927510168549563,0.006545256417392,Sweden,84.69,92.23,72.86,1,0.7371524924587495,0.8755689156279132,0.8616389031407505,0.8063607040433314,0.8247867704091377,-1.9,8.5,0.7,-0.5
SEB,2021,19.7,439344,1597449,730106,4987,26129,-510,6904,33225,-8786,1844932,26321,25423,23245,787490,3304230,193228,54614,0.53,Stage3,"Stage 3 loans / Total loans – gross, %",2021,0.00769407698616621,0.00796584983490858,0.42562346651041855,0.5583545939598635,0.4834557521722156,1.1549238817639875,-2.7643295254242434e-4,15.01071402379096,0.07384795731457094,Sweden,83.5,92.03,77.81,1,0.6445071774399235,0.8025484710289066,0.8939627607195848,0.723527824234415,0.7803394697294717,5.2,8.9,2.7,-0.5
SEB,2022,19,377966,1701687,795149,6064,27637,-2007,22707,56150,-8613,2058321,33443,26989,25044,859320,3532810,204523,64589,0.33,Stage3,"Stage 3 loans / Total loans – gross, %",2022,0.00763952774137301,0.00946640209917884,0.3877440431033148,0.5826299744396104,0.4816808716007937,1.2095767317961528,-9.750665712490908e-4,15.077604146236794,0.115662257470736,Sweden,83.5,94.56,75.9,1,0.5893737941835923,1.1860264539138088,0.91047111608852,0.8877001240487006,0.8952904547286403,1.3,7.5,8.1,0.011643835616438355
SEB,2023,19.1,312373,1611651,867838,6293,27962,-962,87868,135394,-7999,2043860,47526,38116,27449,891992,3608218,221775,80193,0.37,Stage3,"Stage 3 loans / Total loans – gross, %",2023,0.01056366328198573,0.01317159883355163,0.3422867332560198,0.5664458189610495,0.4466612050602264,1.2681777878709473,-4.706780307848874e-4,15.09872457962539,-0.00702562914142157,Sweden,84.49,95.21,80.16,1,0.5296746109086417,1.0697561123862576,1.0597973153321412,0.7997153616474496,0.8864093462090135,-0.2,7.7,5.9,3.3075342465753423
SEB,2024,17.6,271894,1680565,898841,7181,31285,886,104152,149403,-6480,2128343,45251,35865,30949,947860,3759028,231148,81887,0.47,Stage3,"Stage 3 loans / Total loans – gross, %",2024,0.0095410302876169,0.0120379523642814,0.37794765957966464,0.5661950376533508,0.4470743500713482,1.266444915846754,4.162862846824971e-4,15.139670971308144,0.04133502294677727,Sweden,83.07,95.92,79.22,1,0.3515761690641645,0.9651876801143228,0.8802936238226156,0.6583819245892436,0.7323524910003676,1,8.4,2,3.73224043715847
Societe Generale,2015,NA,78565,379631,106412,3466,10144,-3065,16125,25431,NA,420036,9306,4395,16893,NA,1334391,62675,25639,NA,NA,NA,2015,0.00329363732219416,0.00697396789996335,0.6588790514450642,0.31477730290447103,0.28449757230077244,1.10643229873219,-0.00729699359102553,14.103985565959558,NA,France,58.28,67.84,49.43,0,0.09647761510459192,-0.2714396877185338,0.35544317070441495,-0.08748103630697093,0.06016036603015769,1.1,10.3,0.1,-0.2063013698630137
Societe Generale,2016,11.5,96186,421002,102202,3417,10116,-2091,15193,24660,NA,440874,9467,4338,16817,355478,1382241,65706,25298,5,Other,Gross doubtful loans ratio,2016,0.00313838180172632,0.00684902271022202,0.6647561072021504,0.3189559563057383,0.30457930274098366,1.0472016760015392,-0.00474285169912492,14.139216653055811,0.04961003342570636,France,59.36,70.4,52.27,0,0.0516205257165246,-0.31363992094660237,0.3910972564840502,-0.1310096976150389,0.04302595375132414,0.9,10.1,0.3,-0.3795081967213115
Societe Generale,2017,11.4,114404,410633,103235,3417,10504,-1349,13263,23679,NA,437403,10416,2806,17838,353306,1275128,64037,23954,4.4,Other,Gross doubtful loans ratio,2017,0.00220056339442001,0.00816859170216637,0.7446772981547967,0.3430267392763707,0.322032768475008,1.0651920327884024,-0.00308411236319824,14.058557123692571,-0.00787299772724181,France,62.01,70.25,53.93,0,0.05048695682632687,-0.5005258715943959,0.3132106409048498,-0.2250194573840345,-0.04560942462107307,2.1,9.4,1.2,-0.4
Societe Generale,2018,10.9,96585,416818,116339,3600,9124,-1005,11659,22678,-11435,458327,11019,4556,17931,376049,1309428,65809,25205,3.6,Other,Gross doubtful loans ratio,2018,0.00347938183695476,0.00841512477203786,0.7114064669708391,0.35002077242887736,0.31832067131602504,1.0995854305716164,-0.00219275757265009,14.085100958600425,0.04783689183659012,France,63.48,75.24,55.33,0,0.05156077606887993,-0.30837678501080606,0.32319079471148077,-0.12840800447096307,0.02212492858985154,1.6,9,2.1,-0.4
Societe Generale,2019,12.7,102311,418612,125168,3811,9068,-1278,12527,23712,-10727,460587,11185,3946,17727,345010,1356303,68570,24671,3.2,Other,GROSS DOUBTFUL LOANS RATIO,2019,0.00290937939383751,0.00824668234163015,0.7185359328766568,0.33959004735667475,0.3086419480012947,1.100271850783064,-0.00277472008545616,14.120273173848382,0.00493097722804902,France,65.55,77.32,57.96,0,0.00445979997215588,-0.4236855167822071,0.26831541267616343,-0.2096128584050256,-0.05030343471129593,2,8.4,1.3,-0.42876712328767125
Societe Generale,2020,13.4,168179,456059,138957,3612,8529,-3306,10248,20721,-11601,459933,10473,196,16714,352400,1461952,66979,22113,3.3,Other,gross doubtful outstandings ratio,2020,1.340673291599177e-4,0.00716370988924397,0.7558449780672003,0.31460198419647156,0.3119521023946067,1.0084945149640727,-0.00718800347007064,14.19528308701554,-0.00141992717988137,France,NA,NA,NA,1,NA,NA,NA,NA,NA,-7.4,8,0.5,-0.5
Societe Generale,2021,13.6,179969,509133,135324,3842,9162,-700,9872,20590,-11357,507917,10718,6338,17590,363371,1464449,70863,25798,2.9,Other,GROUP GROSS NON PERFORMING LOANS RATIO*,2021,0.00432790762942239,0.00731879362135519,0.6818358012249012,0.34683147040286144,0.34766181683349845,0.9976116260387756,-0.00137817793064614,14.196989620471475,0.1043282391130882,France,71.6,77.69,65.6,1,0.05184006229595833,-0.9258429443819064,0.12693295647618083,-0.437001441042974,-0.24902330853658905,6.9,7.9,2.1,-0.5
Societe Generale,2022,13.49,207013,530764,133176,4161,9335,-1647,17552,28838,-10634,517479,11286,2947,18630,360464,1486818,72782,28059,2.8,Other,GROUP GROSS NON PERFORMING LOANS RATIO*,2022,0.00198208523168269,0.00759070713429619,0.66395808831391,0.3480446160861652,0.35697980519471784,0.9749700431830344,-0.0031827378502316,14.21214882386948,0.0188259105326265,France,67.86,82.46,63.48,1,-0.2340338270529881,-0.8416135192416985,0.08892847008783565,-0.5378236731473433,-0.32890629206895033,2.7,7.3,5.9,0.011643835616438355
Societe Generale,2023,13.1,223048,541677,160506,4475,10063,-1025,42777,53087,-10070,495666,10310,3449,18524,388800,1554045,76247,25104,2.9,Other,Group Gross non performing loans ratio (2),2023,0.00221936945197854,0.00663429952157112,0.7378903760356915,0.31895215389515746,0.3485594046504445,0.9150582358121168,-0.00206792477192302,14.256371767019424,-0.04215243517128231,France,72.41,84.08,65.78,1,-0.1424127448712631,-0.9300320022667458,0.0792952841241213,-0.5362223735690044,-0.3310498210046292,1.4,7.3,5.7,3.3075342465753423
Societe Generale,2024,13.3,201680,531675,162200,4591,10817,-1530,45127,55019,-8445,463143,9892,5129,18472,390000,1573545,79588,26788,2.81,NPL,The gross non-performing loan ratio,2024,0.003259519111306,0.00628644239599121,0.689562490667463,0.2943309533569107,0.3378835686300678,0.8711017068697983,-0.00330351532895887,14.26884159374306,-0.06561474864122208,France,71.88,87.87,69.31,1,-0.31655904213539565,-0.6407203323312077,0.17023393405245352,-0.4786396872333017,-0.26234848013804996,1.2,7.4,2.3,3.73224043715847
SpareBank 1 SMN,2015,13.6,3270,64090,35154,135,1245,169,2159,4031,-559,93974,1872,1406,1931,89465,131914,13904,3876,0.47,Other,Total problem loans (defaulted and doubtful) [as %] of gross loans,2015,0.01065845929924041,0.01419106387494883,0.4981940144478844,0.7123883742438255,0.4858468396076231,1.4662817912310813,0.00179836976184902,11.789905474088767,NA,Norway,90.37,88.66,61,0,1.3354473271575114,1.3534797722577545,1.0316739318965744,1.344463549707633,1.2402003437706135,2,4.7,2,1.05
SpareBank 1 SMN,2016,14.9,315,67168,36317,133,1251,516,1714,3597,-971,102325,1883,1647,2003,88788,138080,15299,4506,1.23,Other,Total problem loans (defaulted and doubtful) [as %] of gross outstanding loans,2016,0.01192786790266512,0.01363702201622248,0.44451841988459834,0.741055909617613,0.4864426419466976,1.523418889947594,0.00504275592474957,11.835588506317254,0.08886500521420815,Norway,91.23,92.27,60.88,0,1.3128374198746244,1.475240744984784,0.8844602266777105,1.3940390824297042,1.2241794638457062,1.3,4.9,3.9,0.55
SpareBank 1 SMN,2017,14.9,3313,76476,42194,168,1390,341,1600,3825,-1112,112071,2225,1828,2369,93474,153254,17510,4989,0.99,Other,Total problem loans (defaulted and doubtful) [as %] of gross outstanding loans,2017,0.01192791052762081,0.01451838124942905,0.4748446582481459,0.7312761820246128,0.4990147076095893,1.4654401380825357,0.00304271399380749,11.939851954599757,0.09524554116784743,Norway,92.34,91.6,62.08,0,1.263232347426024,1.277896694193032,0.783340474579807,1.2705645208095278,1.108156505399621,2.7,4.4,1.9,0.5
SpareBank 1 SMN,2018,14.6,NA,80615,45537,168,1387,263,1655,4057,-744,120473,2403,2090,2624,101168,160704,18686,5337,1,Other,Overall problem loans (defaulted and doubtful) [as %] of gross outstanding loans,2018,0.0130052767821585,0.01495295698924731,0.4916619823871088,0.7496577558741537,0.5016365491835922,1.4944241146188677,0.00218306176487677,11.987319442517256,0.0749703313078316,Norway,93.12,93.43,64.27,0,1.3003203937371004,1.368713493372797,0.8562477916212515,1.3345169435549489,1.175093892910383,1.1,4,3,0.57
SpareBank 1 SMN,2019,17.2,761,85917,47882,193,1437,299,1939,4626,-998,125717,2687,2563,2797,92036,166662,20420,6178,1.26,Other,Overall problem loans (defaulted and doubtful) [as %] of gross outstanding loans,2019,0.01537843059605669,0.01612245142864,0.4527355131110392,0.7543231210473893,0.5155164344601649,1.4632377759931097,0.00237835774000334,12.023723088344212,0.0435284254563264,Norway,95.23,94.81,67.08,0,1.301426182652929,1.3053072735671398,0.8218330972122869,1.3033667281100343,1.142855517810785,1.5,3.9,2.3,1.15
SpareBank 1 SMN,2020,18.3,2764,97529,51098,207,1510,951,1439,4197,-1517,134648,2759,1978,2952,93096,187912,21310,6281,1.23,Other,Overall problem loans (defaulted and doubtful) [as %] of gross outstanding loans,2020,0.01052620375494912,0.01468240452977989,0.469988855277822,0.7165481714845247,0.519014219421857,1.3805944898440463,0.00706286019844334,12.143729047119672,0.07104051162531722,Norway,93.68,94.14,70.02,1,1.1444908517467876,1.0883693240275871,0.6927337351844988,1.1164300878871876,0.9751979703196244,-1.4,4.7,1.2,0.36
SpareBank 1 SMN,2021,18,1252,111286,40332,207,1583,161,1120,3916,-1410,147301,2796,2902,2993,98664,198845,23241,6655,1.68,Stage3,"Problem loans (Stage 3) [as %] of gross outstanding loans, including loans sold",2021,0.0145942819784254,0.0140612034499233,0.4497370398196845,0.7407830219517715,0.5596620483291006,1.32362561328469,0.00109300004752174,12.200280905738364,0.09397094646782732,Norway,96.13,95.36,80.68,1,1.2735311828406188,1.2039113310929237,1.0742555975892467,1.2387212569667712,1.1838993705075964,4.1,4.4,3.9,0.08
SpareBank 1 SMN,2022,18.9,1171,122010,47474,186,1446,-7,2588,5927,1121,152629,3339,2785,2443,104716,223312,25009,5760,0.97,Stage3,Problem loans (Stage 3) [as %] of gross outstanding loans; Loans and advances to customers at Stage 3 in percentage of gross loans,2022,0.01247134054596259,0.01495217453607508,0.42413194444444446,0.6834787203553773,0.5463656229848821,1.250954839767232,-4.586284388943124e-5,12.316325175748425,0.03617083387078157,Norway,95.84,96.3,80.82,1,1.239044513241099,1.4776044335245997,1.235913130446278,1.3583244733828497,1.3175206924039922,4.1,3.2,6.2,1.33
SpareBank 1 SMN,2023,18.8,1172,132888,45830,199,1370,14,6631,11262,-943,169862,4632,3688,3017,114633,232717,28597,7515,0.88,Stage3,"Problem loans (Stage 3) [as %] of gross utstanding loans, including loans sold",2023,0.01584757452184412,0.01990400357515781,0.4014637391882901,0.7299079998453056,0.5710283305474031,1.2782343025705858,8.241984669908514e-5,12.357578402058149,0.11290776982093842,Norway,96.85,95.48,78.81,1,1.2173401504317891,1.1182684925260895,0.9677474028056584,1.1678043214789395,1.1011186819211791,0.4,3.6,5.7,3.54
SpareBank 1 SMN,2024,18.3,654,140897,56074,224,1611,176,8187,13560,848,180102,5373,4591,3300,122622,247699,30523,9123,0.89,Stage3,"Loans in Stage 3 [as %] of gross outstanding loans, including loans sold to the captive mortgage companies",2024,0.0185345923883423,0.02169164994610394,0.36172311739559354,0.7271002305217219,0.5688234510434035,1.278252908152764,9.772240175011937e-4,12.419969578327596,0.06028423072847366,Norway,96.8,95.41,80.5,1,1.1713703111347602,0.8634469240463439,0.9720066816334942,1.017408617590552,1.0022746389381996,1.4,4,2.8,4.5
SpareBank 1 SR-Bank,2015,13.3,931,89444,71979,78,1605,420,3159,5752,833,155190,2593,1746,1863,119124,192049,16914,4429,0.55,Other,Non-performing commitments as % of gross loans,2015,0.00909142979135533,0.01350176257101052,0.4206367125762023,0.8080750225202943,0.4657353071351582,1.735052099637762,0.0027063599458728,12.165505826783145,NA,Norway,90.37,88.66,61,0,1.3354473271575114,1.3534797722577545,1.0316739318965744,1.344463549707633,1.2402003437706135,2,4.7,2,1.05
SpareBank 1 SR-Bank,2016,14.7,1079,85914,79183,72,1511,778,2692,5563,1266,157638,2871,1755,2032,116651,193408,18288,4968,0.68,Other,Non-performing commitments as a % of gross loans,2016,0.00907408173395102,0.01484426704169424,0.40901771336553944,0.8150541859695566,0.44421120119126406,1.834834834834835,0.00493535822580849,12.172557226192357,0.01577421225594433,Norway,91.23,92.27,60.88,0,1.3128374198746244,1.475240744984784,0.8844602266777105,1.3940390824297042,1.2241794638457062,1.3,4.9,3.9,0.55
SpareBank 1 SR-Bank,2017,15.1,207,95384,90497,79,1597,543,2585,5747,1317,172554,3162,2086,2167,120186,216618,19889,5320,0.32,Other,Non-performing commitments as a % of gross loans,2017,0.0096298553213491,0.0145971248926682,0.4073308270676691,0.7965820014957206,0.44033275166422,1.8090455422293048,0.00314684098890782,12.285890712589282,0.09462185513645194,Norway,92.34,91.6,62.08,0,1.263232347426024,1.277896694193032,0.783340474579807,1.2705645208095278,1.108156505399621,2.7,4.4,1.9,0.5
SpareBank 1 SR-Bank,2018,14.72,717,98814,103485,87,1519,324,2835,6274,1227,192105,3439,2296,2229,130869,234061,21585,5445,1.53,Other,Loans in Band 3 as a % of gross loans,2018,0.00980940865842664,0.0146927510349866,0.409366391184573,0.8207475828950572,0.4221719978979839,1.944107110328496,0.00168657765284609,12.363337044128414,0.1133036614624987,Norway,93.12,93.43,64.27,0,1.3003203937371004,1.368713493372797,0.8562477916212515,1.3345169435549489,1.175093892910383,1.1,4,3,0.57
SpareBank 1 SR-Bank,2019,17,104,103106,116164,111,1516,235,3756,7743,1426,207114,3987,3124,2478,109513,255895,24834,6530,1.56,Stage3,Loans in Stage 3 as a % of gross loans,2019,0.01220813224173977,0.01558060923425623,0.37947932618683,0.8093710310869693,0.4029230739170363,2.0087482784707,0.00113464082582539,12.45252248307462,0.07812914812212068,Norway,95.23,94.81,67.08,0,1.301426182652929,1.3053072735671398,0.8218330972122869,1.3033667281100343,1.142855517810785,1.5,3.9,2.3,1.15
SpareBank 1 SR-Bank,2020,18.3,68,118170,127163,111,1501,2.03,2811,6953,2215,219181,4142,1.59,2386,121262,287049,26393,6237,1.9,Stage3,Gross loans and financial liabilities classified as Stage 3,2020,5.539123982316608e-6,0.01442959216022351,0.3825557158890493,0.7635664990994568,0.4116718748367004,1.854793940932555,9.261751702930452e-6,12.567408211876076,0.05826259934142541,Norway,93.68,94.14,70.02,1,1.1444908517467876,1.0883693240275871,0.6927337351844988,1.1164300878871876,0.9751979703196244,-1.4,4.7,1.2,0.36
SpareBank 1 SR-Bank,2021,17.4,78,137664,122276,90,1801,192,2196,6186,1721,230299,3.99,3156,2714,127112,304402,27179,6744,1.46,Stage3,Gross loans and financial liabilities classified as Stage 3,2021,0.01036786880506698,1.3107666835303317e-5,0.4024317912218268,0.7565620462414833,0.4522440719837583,1.6729064969781495,8.336988002553202e-4,12.626104475250315,0.05072519972077871,Norway,96.13,95.36,80.68,1,1.2735311828406188,1.2039113310929237,1.0742555975892467,1.2387212569667712,1.1838993705075964,4.1,4.4,3.9,0.08
SpareBank 1 SR-Bank,2022,17.42,76,148100,135353,87,1836,5,4883,9399,1685,252957,4516,3378,2825,127529,345931,28889,7042,1.35,Stage3,Loans and financial liabilities in Stage 3 as a % of gross loans and financial liabilities.,2022,0.00976495312649054,0.01305462650066053,0.40116444191990913,0.7312354197802452,0.4281200586244078,1.7080148548278191,1.976620532343442e-5,12.75399461218734,0.09838514279263055,Norway,95.84,96.3,80.82,1,1.239044513241099,1.4776044335245997,1.235913130446278,1.3583244733828497,1.3175206924039922,4.1,3.2,6.2,1.33
SpareBank 1 SR-Bank,2023,17.61,88,149076,155.37,111,2.04,-232,12378,18515,1244,272001,6136,4475,3299,146371,362186,33561,8745,1.01,Stage3,Loans and financial liabilities in Stage 3 as a % of gross loans and financial commitments,2023,0.01235553003153076,0.01694157145775927,0.3772441395082904,0.7509981059455639,0.41160066926938094,1.824579409160428,-8.529380406689681e-4,12.799913171006338,0.07528552283589707,Norway,96.85,95.48,78.81,1,1.2173401504317891,1.1182684925260895,0.9677474028056584,1.1678043214789395,1.1011186819211791,0.4,3.6,5.7,3.54
SpareBank 1 SR-Bank,2024,18.01,119,204006,203389,116,2392,387,16298,23815,-1572,375678,7517,5193,3936,210950,479336,52637,10739,0.6,Stage3,Loans and financial liabilities in Stage 3 as a % of gross loans and financial commitments,2024,0.01083373666905886,0.01568211025251598,0.36651457305149454,0.7837466829113607,0.4256012483936112,1.8415046616275992,0.00103013751137942,13.08015709186188,0.3811640398380889,Norway,96.8,95.41,80.5,1,1.1713703111347602,0.8634469240463439,0.9720066816334942,1.017408617590552,1.0022746389381996,1.4,4,2.8,4.5
Svenska Handelsbanken,2015,21.2,202630,753855,1245367,1655,10975,-1597,15312,43052,-4816,1871283,27740,16343,18271,473132,2522133,128268,40336,0.21,Impaired,"Proportion of impaired loans, %",2015,0.00647983274474423,0.0109986269558346,0.45297005156683856,0.7419446159262815,0.2988958155656343,2.4822850548182345,-8.534251633772124e-4,14.74061553004038,NA,Sweden,79.64,81.98,56.23,0,0.9211704493037304,0.8321319339944693,0.7528821660463927,0.8766511916490999,0.8353948497815308,4.4,7.5,0.7,-0.2063013698630137
Svenska Handelsbanken,2016,25.1,199362,829336,1261765,1624,10780,-1724,12007,39950,-4643,1968265,27943,16245,18438,458787,2627580,136381,40763,0.16,Impaired,"Proportion of impaired loans, %",2016,0.00618249491927933,0.01063450018648338,0.4523219586389618,0.7490790004490824,0.3156273072561064,2.3733022562628414,-8.758983165376614e-4,14.781573828462886,0.05182647413565977,Sweden,83.19,85.06,62.76,0,0.9946640960895248,0.88549087752409406,0.9921864036770228,0.9400774868068094,0.9574471257635472,2.1,7.1,1.1,-0.3795081967213115
Svenska Handelsbanken,2017,22.7,226314,941967,1276595,1821,11539,-1683,12326,42092,-5159,2070920,27766,16102,18980,509032,2766977,141604,41674,0.13,Impaired,"Proportion of impaired loans, %",2017,0.00581934725153118,0.01003477802670567,0.4554398425877046,0.7484413495305526,0.34043181421457425,2.1985058924569545,-8.12682286133699e-4,14.83326594648298,0.05215507058246738,Sweden,86.47,90.07,67.36,0,1.0285203315071243,1.1504500185183355,1.087915385230577,1.08948517501273,1.0889619117520122,1.9,6.8,1.9,-0.4
Svenska Handelsbanken,2018,16.8,317217,1008487,1394647,1936,12183,-881,17885,49171,-3801,2192893,31286,17357,20890,707579,2978174,142261,43770,0.22,Stage3,"Proportion of loans in Stage 3, %",2018,0.00582806780261999,0.01050509473254416,0.4772675348412154,0.7363213163502199,0.3386259499948626,2.174438540110086,-4.017523882834229e-4,14.9068209189947,0.05889797771038951,Sweden,83.86,87.84,63.86,0,0.9101883404439922,0.8533240125501282,0.831801106080647,0.8817561764970603,0.8651044863582558,1.8,6.5,2,-0.4
Svenska Handelsbanken,2019,18.5,327958,1117825,1384961,2065,12762,-1045,22260,54395,-4568,2297171,32135,16925,21743,716462,3069667,159832,44564,0.22,Stage3,"Proportion of loans in Stage 3, %",2019,0.00551362737391384,0.01046856222515341,0.48790503545462705,0.7483453416934149,0.36415187706028046,2.0550363428980387,-4.549073621423917e-4,14.937079644624813,0.04755270777005527,Sweden,84.47,91.42,70.29,0,0.8312321706028912,0.9701851718356198,1.0166567559141466,0.9007086712192556,0.9393580327842193,2.6,6.9,1.7,-0.42876712328767125
Svenska Handelsbanken,2020,20.3,397642,1229763,1310737,1835,12621,-781,13902,45508,-3457,2273069,31606,15588,23334,721403,3135288,171473,44248,0.21,Stage3,"Proportion of loans in Stage 3, %",2020,0.00497179206503517,0.01008073261531317,0.52734586873983,0.7249952795405079,0.3922328666457435,1.8483797284517425,-3.435883380574897e-4,14.95823159385844,-0.01049203563861811,Sweden,84.69,92.23,72.86,1,0.7371524924587495,0.8755689156279132,0.8616389031407505,0.8063607040433314,0.8247867704091377,-1.9,8.5,0.7,-0.5
Svenska Handelsbanken,2021,19.4,291584,1286637,1353768,1446,12904,-43,6441,35832,-3178,2417007,29391,19543,19843,773158,3346764,181731,43347,0.22,Stage3,"Proportion of loans in Stage 3, %",2021,0.00583937200232821,0.00878191590443783,0.4577710106812467,0.7221922430144462,0.3844421058670406,1.878546163370088,-1.779059804129653e-5,15.023504466802164,0.06332319872383985,Sweden,83.5,92.03,77.81,1,0.6445071774399235,0.8025484710289066,0.8939627607195848,0.723527824234415,0.7803394697294717,5.2,8.9,2.7,-0.5
Svenska Handelsbanken,2022,19.6,475868,1325061,1474801,1296,12399,-47,30797,67407,-2454,2471778,36610,21470,21296,810144,3453716,196030,50249,0.18,Stage3,"Proportion of loans in Stage 3, %",2022,0.00621649261259466,0.01060017673717236,0.4238094290433641,0.7156865243117848,0.3836624088373219,1.8654069510762143,-1.901465261038815e-5,15.054961310799248,0.02266067082139189,Sweden,83.5,94.56,75.9,1,0.5893737941835923,1.1860264539138088,0.91047111608852,0.8877001240487006,0.8952904547286403,1.3,7.5,8.1,0.011643835616438355
Svenska Handelsbanken,2023,18.8,476171,1298480,1523481,1421,12559,-141,112227,159805,-2395,2436612,47578,29114,23182,836790,3537792,205085,62249,0.24,Stage3,Proportion of loans in Stage 3,2023,0.00822942671587249,0.01344850121205542,0.37240758887692976,0.6887380603495061,0.3670311878143204,1.8765109974739695,-5.7867235325115365e-5,15.079013361696658,-0.01422700582333846,Sweden,84.49,95.21,80.16,1,0.5296746109086417,1.0697561123862576,1.0597973153321412,0.7997153616474496,0.8864093462090135,-0.2,7.7,5.9,3.3075342465753423
Svenska Handelsbanken,2024,18.8,529995,1310739,1550027,1526,13252,601,124284,171125,-1608,2373695,46841,27456,25209,825457,3539173,210027,62345,0.31,Stage3,Proportion of loans in Stage 3,2024,0.00775774453523464,0.01323501281231519,0.4043467800144358,0.6706919949943109,0.37035177427042987,1.8109593137916855,2.531917537847112e-4,15.079403641998322,-0.02582150953865447,Sweden,83.07,95.92,79.22,1,0.3515761690641645,0.9651876801143228,0.8802936238226156,0.6583819245892436,0.7323524910003676,1,8.4,2,3.73224043715847
Swedbank,2015,24.1,186312,748271,826535,5384,16583,594,11990,34983,3381,1417322,22993,15727,16333,389098,2148855,123342,37624,0.4,Impaired,"Share of impaired loans, gross, %",2015,0.00731878139753496,0.01070011703907429,0.43411120561343824,0.6595707946790267,0.34821846983626165,1.8941292660012217,4.191002468034787e-4,14.580445700104857,NA,Sweden,79.64,81.98,56.23,0,0.9211704493037304,0.8321319339944693,0.7528821660463927,0.8766511916490999,0.8353948497815308,4.4,7.5,0.7,-0.2063013698630137
Swedbank,2016,25,121347,792924,841673,4678,16011,1367,9256,33728,3755,1511002,23664,19539,16441,394135,2154203,129705,41635,0.52,Impaired,"Share of impaired loans, gross, %",2016,0.00907017583765318,0.01098503715759378,0.39488411192506306,0.7014204325219118,0.3680823023642618,1.9056075992150572,9.046976774352384e-4,14.582931375526192,0.06609648336792917,Sweden,83.19,85.06,62.76,0,0.9946640960895248,0.88549087752409406,0.9921864036770228,0.9400774868068094,0.9574471257635472,2.1,7.1,1.1,-0.3795081967213115
Swedbank,2017,24.6,200371,855609,844204,5336,17366,1285,8382,34494,3886,1539084,24595,19350,16415,408351,2212636,133572,42438,0.55,Impaired,"Share of impaired loans, gross, %",2017,0.00874522515226182,0.01111570091058809,0.386799566426316,0.6955884293666017,0.38669216265124495,1.7988169829910623,8.349121945260947e-4,14.609695122901638,0.01858501841824167,Sweden,86.47,90.07,67.36,0,1.0285203315071243,1.1504500185183355,1.087915385230577,1.08948517501273,1.0889619117520122,1.9,6.8,1.9,-0.4
Swedbank,2018,16.3,163161,920750,804360,6131,18967,521,9600,37045,6023,1593511,25228,21162,16835,637882,2246092,137609,44222,0.69,Stage3,"Share of Stage 3 loans, gross, %",2018,0.00942169777551409,0.01123195309898258,0.3806928678033558,0.7094593631961648,0.40993423243571503,1.730666304642954,3.2695099061129797e-4,14.624702375151324,0.03536324203227381,Sweden,83.86,87.84,63.86,0,0.9101883404439922,0.8533240125501282,0.831801106080647,0.8817561764970603,0.8651044863582558,1.8,6.5,2,-0.4
Swedbank,2019,17,195286,954013,855754,6488,19472,1469,9381,35370,6679,1612154,25989,19697,19984,649237,2408228,138633,45960,0.82,Stage3,"Share of Stage 3 loans, gross, %",2019,0.00817904284810242,0.01079175227594729,0.43481288076588337,0.6694357843194249,0.3961472917016163,1.689865861366669,9.112032721439764e-4,14.694401765313946,0.01169932306711407,Sweden,84.47,91.42,70.29,0,0.8312321706028912,0.9701851718356198,1.0166567559141466,0.9007086712192556,0.9393580327842193,2.6,6.9,1.7,-0.42876712328767125
Swedbank,2020,17.5,293811,1148240,732814,6706,19476,4334,6938,33791,8178,1649080,26853,12929,24560,689594,2594642,155193,45676,0.62,Stage3,"Share of Stage 3 loans, gross, %",2020,0.00498296104048265,0.01034940465775239,0.5377003240213679,0.6355713042492953,0.442542747708547,1.4361805894238138,0.00262813204938511,14.76895910745431,0.02290475971898464,Sweden,84.69,92.23,72.86,1,0.7371524924587495,0.8755689156279132,0.8616389031407505,0.8063607040433314,0.8247867704091377,-1.9,8.5,0.7,-0.5
Swedbank,2021,18.3,360153,1265783,735917,7554,22407,170,4107,30364,5666,1708220,26257,20871,20847,707753,2750617,161696,46890,0.37,Stage3,"Share of Stage 3 loans, gross, %",2021,0.00758775212979487,0.00954585825652935,0.4445937300063979,0.6210315721890761,0.46018147928264824,1.3495362159232664,9.951879734460431e-5,14.82733580811336,0.03586242025856845,Sweden,83.5,92.03,77.81,1,0.6445071774399235,0.8025484710289066,0.8939627607195848,0.723527824234415,0.7803394697294717,5.2,8.9,2.7,-0.5
Swedbank,2022,17.8,365992,1305948,784206,8160,22383,1479,12141,45298,6023,1848834,33157,21877,21415,809438,2854876,176092,53221,0.31,Stage3,"Share of Stage 3 loans, gross, %",2022,0.0076630298478813,0.01161416467825572,0.4023787602638057,0.647605710370608,0.4574447366540613,1.4157026160306536,7.999636527670954e-4,14.864538967554596,0.08231609511655402,Sweden,83.5,94.56,75.9,1,0.5893737941835923,1.1860264539138088,0.91047111608852,0.8877001240487006,0.8952904547286403,1.3,7.5,8.1,0.011643835616438355
Swedbank,2023,19,252994,1234262,728548,8732,23820,1674,51438,102372,7132,1819043,50933,34128,24100,847121,2855519,198790,73057,0.43,Stage3,"Share of Stage 3 loans, gross, %",2023,0.01195159268770405,0.01783668748133001,0.3298794092284107,0.6370271043547601,0.4322373621047522,1.4737900056876092,9.202641169010298e-4,14.864764170890869,-0.01611339903961095,Sweden,84.49,95.21,80.16,1,0.5296746109086417,1.0697561123862576,1.0597973153321412,0.7997153616474496,0.8864093462090135,-0.2,7.7,5.9,3.3075342465753423
Swedbank,2024,19.8,325604,1288609,758199,9352,26067,-268,61353,110621,6250,1805964,49267,34869,25376,871902,3009697,218901,74104,0.65,Stage3,"Share of Stage 3 loans, gross, %",2024,0.01158555163526428,0.01636942190526156,0.34243765518730435,0.6000484434147357,0.42815240205243255,1.4014833048659443,-1.483971995012082e-4,14.917349967206226,-0.00719004443545312,Sweden,83.07,95.92,79.22,1,0.3515761690641645,0.9651876801143228,0.8802936238226156,0.6583819245892436,0.7323524910003676,1,8.4,2,3.73224043715847
UniCredit,2015,10.59,10303.334,449790.439,134477.901,1599.083,9417.551,-4081.168,7859.847,19518.305,43256.831,517255.352,11658.458,1694.24,15520.616,390598.859,860433.441,50086.743,22405,15.42,Other,as a percentage of total loans,2015,0.00196905410606885,0.01354951753903298,0.692730015621513,0.6011567279380068,0.5227486724333393,1.1499918787735726,-0.0078900449927099,13.665191542426554,NA,Italy,28.06,62.14,18.09,0,-1.0702928647408183,-0.7163023640809185,-1.4762830225334655,-0.8932976144108685,-1.0876260837850675,0.9,12,0.2,-0.2063013698630137
UniCredit,2016,8.15,13857.831,452419.189,115435.5,1193.19,6778.422,-11929.784,5657.789,15964.8,33538.134,478145.616,10307.011,-11790.094,16842.13,387135.931,859532.774,39335.55,18056.796,11.78,Other,as a percentage of total loans,2016,-0.01371686380861609,0.01199141127805325,0.9327308122659193,0.5562854965667662,0.5263547856291516,1.0568641375642445,-0.02495010641277112,13.66414423454984,-0.07561011374513538,Italy,28.96,65.87,20.11,0,-1.1514228876002697,-0.684176245439935,-1.4517079840999356,-0.9177995665201022,-1.0957690390467134,1.2,11.7,-0.1,-0.3795081967213115
UniCredit,2017,13.73,64493.411,462895.261,98602.632,1271.029,7663.454,-2090.607,4461.65,14759.711,29255.054,476981.967,10298.061,5473.075,12709.267,356100.221,836789.724,59330.617,18146.028,10.15,Other,as a percentage of total loans,2017,0.00654056191540898,0.01230662937729861,0.7003883714937507,0.5700141305750547,0.5531799061624232,1.0304317351825298,-0.00438298959843066,13.637328092102672,-0.00243367075020928,Italy,30.83,68,23.01,0,-1.196245693318696,-0.6879474534689491,-1.4703984949515527,-0.9420965733938226,-1.118197213913066,1.6,11.3,1.3,-0.4
UniCredit,2018,12.07,30991,478988,81153,895,7651,-2619,3501,14357,25824,497663,10856,3892,10698,370.18,831469,55841,19723,7.67,Other,Group Gross NPEs Ratio,2018,0.00468087204694342,0.01305640980000457,0.5424124119048827,0.5985346417004122,0.5760743936334367,1.0389884506501206,-0.00526259738015484,13.630949294899684,0.04335810246679617,Italy,33.83,71.49,25.72,0,-1.1976201505121835,-0.6541210699991792,-1.442336909818532,-0.9258706102556812,-1.0980260434432982,0.8,10.6,1.2,-0.4
UniCredit,2019,13.22,17305,472967,96301,1288,7606,-3489,4521,14793,19055,501628,10272,3373,12061,378718,855647,61416,18142,5.04,Other,TOTAL NON-PERFORMING (as a percentage of total loans),2019,0.00394204619428339,0.01200495063969136,0.66481093594973,0.5862557807133082,0.552759490771311,1.0605983081272057,-0.00695535336942913,13.659613186892985,0.00796723887449935,Italy,36.31,72.79,28.15,0,-1.273279318275344,-0.8715035465296351,-1.5409348259227231,-1.0723914324024897,-1.2285725635759008,0.4,9.9,0.7,-0.42876712328767125
UniCredit,2020,15.1,101707,498440,102524,1.15,7651,-4996,3527,12968,16853,467403,9441,-2785,9805,325665,931456,59507,17140,4.5,NPL,non-performing loans as a percentage of total loans to customers,2020,-0.00298994262745636,0.01013574446887453,0.5720536756126021,0.501798259928542,0.5351192112134121,0.9377317229756842,-0.01068884880927165,13.744504232266705,-0.0682278501200092,Italy,39.45,75.58,31.42,1,-1.3126792510552463,-0.9794712937200364,-1.6029491814039902,-1.1460752723876415,-1.298366575393091,-8.9,9.3,-0.2,-0.5
UniCredit,2021,15.03,148879,476761,88103,1148,7858,-1634,3111,12236,13158,450702,9125,1.54,9797,321992,916712,61452,17954,3.61,Other,as a percentage of total loans (TOTAL NON-PERFORMING),2021,1.6799169204722966e-6,0.00995405318136993,0.5456722735880584,0.49165059473422407,0.5200771889099303,0.9453415862455192,-0.00362545540068604,13.728548634297264,-0.03573147797510923,Italy,45.15,78.93,39.78,1,-1.265474660019829,-0.7763865039977066,-1.4950743773128998,-1.0209305820087675,-1.1789785137768118,8.9,9.5,2,-0.5
UniCredit,2022,16.68,103805,511925,84207,1418,8105,-2031,5715,16339,11658,467439,10624,6473,9560,308466,857773,63497,20343,2.68,Other,as a percentage of total loans (TOTAL NON-PERFORMING),2022,0.0075462855557356,0.0123855612149135,0.46994052008061743,0.5449448746929549,0.5968070806612006,0.9131005518386482,-0.00434495196164633,13.66209477470104,0.03713540210604793,Italy,48.35,81.93,37.28,1,-1.2611874517541186,-0.9304275015369374,-1.6441164031181157,-1.095807476645528,-1.2785771188030572,4.8,8.1,8.7,0.011643835616438355
UniCredit,2023,16.14,54082,497394,89845,1643,8247,-661,19571,33919,11695,439648,14348,9507,9471,284548,784974,64079,23843,2.66,NPL,ratio of gross non-performing loans to total loans,2023,0.01211122916173019,0.01827831240270378,0.3972235037537223,0.5600796969071588,0.6336439168685842,0.8839029019248322,-0.00150347550767887,13.573405875196924,-0.05945374690601346,Italy,51.55,84.46,39.19,1,-1.3029874337428538,-0.8617553191069854,-1.7337470670456463,-1.0823713764249197,-1.2994966066318283,0.9,7.7,5.9,3.3075342465753423
UniCredit,2024,15.96,41442,468693,97719,1518,9334,-746,7878,22236,11048,418378,14358,9719,9405,277093,785348,64887,24844,2.6,Other,Gross NPEr,2024,0.01237540555269765,0.01828234107682199,0.3785622283046208,0.5327294396878836,0.5967965793508101,0.892648279364104,-0.00178307654800204,13.573882210632677,-0.04837961278113401,Italy,55.01,87.37,41.86,1,-1.3238370593772706,-0.7404661716135388,-1.7965812510324055,-1.032151615495405,-1.2869614940077383,0.8,6.5,1.1,3.73224043715847
