Bank,Fiscal year,CET1 ratio,Cash and balances with central banks,Customer deposits,Debt securities issued / wholesale funding,Fee and commission expense,Fee and commission income,Impairment losses / credit loss expense,Interest expense,Interest income,Loan loss allowance,Loans and advances to customers (gross),Net interest income,Net profit,Operating expenses,Risk-weighted assets (RWA),Total assets,Total equity,Total operating income,asset_quality_value,asset_quality_type,asset_quality_ratio_label,year,roa,margin_proxy,cost_to_income,loans_to_assets,deposits_to_assets,loan_to_deposit,cost_of_risk,log_assets,loan_growth
ABN AMRO,2015,15.5,26195,230297,85915,1233,3061,505,7130,13207,4355,263674,6076,1924,5228,108001,390317,17584,8455,2.7,Impaired,Impaired ratio,2015,0.004929326675497096,0.015566834137380641,0.6183323477232406,0.6755380882718406,0.590025543340413,1.144930242252396,0.0019152438238127384,12.874714508458952,NA
ABN AMRO,2016,17,21861,228758,92449,1340,3082,114,6383,12651,3666,266551,6267,1806,5657,104215,394482,18937,8227,3.3,Impaired,Impaired ratio (Total Loans and receivables - customers),2016,0.004578155657292348,0.01588665642538823,0.6876139540537255,0.6756987644556659,0.5798946466505442,1.165209522727074,4.276855085893506e-4,12.88532879085068,0.010911200952691491
ABN AMRO,2017,17.7,29783,236699,86331,1391,3138,-63,6045,12502,2460,273666,6456,2791,5582,106157,393171,21330,9290,2.5,Impaired,Impaired ratio,2017,0.007098692426450577,0.016420336189596894,0.6008611410118407,0.6960482843342973,0.6020255817443301,1.1561772546567581,-2.3020762535353313e-4,12.88199991072035,0.026692828014151182
ABN AMRO,2018,18.4,34371,236123,90589,1470,3169,655,6052,12645,2269,269961,6593,2325,5351,105391,381295,21360,9093,2.2,Stage3,Stage 3 Impaired ratio,2018,0.006097640934184818,0.017291073840464733,0.588474650830309,0.70801085773482475,0.619265922710762,1.1433066664407956,0.0024262763880708695,12.851328632725322,-0.013538400824362529
ABN AMRO,2019,18.1,27061,234991,85316,489,2121,657,3588,10056,2426,267185,6468,2046,5268,109825,375054,21471,8605,2.5,Stage3,Stage 3 Impaired ratio,2019,0.005455214449119327,0.017245516645603032,0.6122022080185938,0.712390749065468,0.6265524431148581,1.1370009915273351,0.0024589703763310067,12.834825294585544,-0.010282966798907944
ABN AMRO,2020,17.7,60190,238570,75018,695,2253,2303,1952,7815,3467,255626,5863,-45,5256,110481,395623,20989,7916,3.4,Stage3,Stage 3 impaired ratio,2020,-1.137446508418368e-4,0.014819664175237536,0.6639717028802425,0.6461353359132306,0.6030235855852668,1.071492643668525,0.009009255709513117,12.88821701657554,-0.043262159178097614
ABN AMRO,2021,16.3,66865,251218,67237,550,2213,-46,1808,7018,2416,258715,5210,1234,5806,117693,399113,21999,7597,2.6,Stage3,Stage 3 ratio,2021,0.0030918561911037726,0.013053947127755799,0.7642490456759247,0.648224938801793,0.6294407849406058,1.029842606819575,-1.7780182826662543e-4,12.89699986379623,0.012084060306854605
ABN AMRO,2022,15.2,60865,255015,63549,493,2271,39,2512,7934,2026,258212,5422,1867,5425,128593,379581,22814,7841,2,Stage3,Stage 3 ratio,2022,0.0049185812777773385,0.014284171230909871,0.6918760362198699,0.6802553341710992,0.6718328894228109,1.0125365174597574,1.5103868139358358e-4,12.846823291778193,-0.0019442243395242365
ABN AMRO,2023,14.3,53656,254466,71800,498,2281,-158,9904,16183,1602,253446,6278,2697,5233,140187,377909,24168,8618,1.9,Stage3,Stage 3 ratio,2023,0.0071366387146111895,0.016612464905572506,0.6072174518449757,0.6706535171165545,0.6733525795892662,0.9959916059512862,-6.234069584842531e-4,12.842408704878281,-0.01845770142363634
ABN AMRO,2024,14.5,44464,256186,81155,504,2414,-21,10604,17108,1364,254730,6504,2403,5467,140871,385047,26108,8861,2.1,Stage3,Stage 3 ratio,2024,0.0062407965780800784,0.016891444421070673,0.616973253583117,0.6615556023030955,0.665336958864762,0.9943166293240068,-8.244023083264634e-5,12.861120683741095,0.0050661679410999305
AIB Group,2015,13,4950,63383,7001,44,449,925,1028,2955,6900,70100,1927,1380,1678,59200,103122,12148,2628,19,Impaired,Impaired loans are 19% of total gross loans,2015,0.013382207482399489,0.01868660421636508,0.6385083713850838,0.6797773510986986,0.6146409107658889,1.1059747881924176,0.013195435092724679,11.543668032304742,NA
AIB Group,2016,15.3,6519,63502,6880,35,430,294,598,2611,4589,65228,2013,1356,1571,54200,95622,13148,2919,14,Other,Total % of total gross loans,2016,0.014180837045868106,0.021051640835790926,0.538198013018157,0.6821442764217439,0.6640940369371066,1.0271802462914554,0.00450726681793095,11.46815819808769,-0.06950071326676177
AIB Group,2017,17.5,6364,64572,4590,45,436,113,305,2481,3345,63338,2176,1114,1835,51823,90062,13612,3001,16,Other,Total non performing loans / Total loans (%),2017,0.01236925673424974,0.02416113344140703,0.611462845718094,0.7032710799227199,0.716972752104106,0.9808895496500031,0.0017840790678581577,11.408253601026258,-0.02897528668669891
AIB Group,2018,17.5,6516,67699,5745,41,498,204,266,2366,2039,62907,2100,1092,1823,51439,91536,13858,2874,10,NPL,Total non-performing loans/ Total loans (%),2018,0.011929732564237022,0.022941793392763504,0.6343075852470424,0.6872378080755113,0.7395887956650935,0.9292160888639419,0.003242882350135915,11.42448761650831,-0.006804761754397037
AIB Group,2019,17.3,11982,71803,6831,71,543,-16,294,2370,1238,62126,2076,364,2181,51999,98562,14230,2655,5.4,NPL,Non-performing loans ratio,2019,0.0036931068768896735,0.021062884275887258,0.8214689265536723,0.630324059982549,0.7285059150585418,0.8652284723479521,-2.575411260985739e-4,11.498441070769255,-0.012415152526745854
AIB Group,2020,15.6,25550,81972,5450,169,564,-1460,255,2127,-2510,59455,1872,-741,1859,52579,110385,13421,2373,7.3,NPL,Total non-performing loans/Total loans (%),2020,-0.006712868596276668,0.01695882592743579,0.7833965444584914,0.5386148480318884,0.7426008968609865,0.7253086419753086,-0.024556387183584223,11.61172953402881,-0.04299327173808065
AIB Group,2021,16.6,42654,92866,5819,160,640,238,290,2084,-1885,58393,1794,645,2006,52358,127875,13660,2379,5.4,NPL,Non-performing loans ratio,2021,0.005043988269794721,0.01402932551319648,0.8432114333753677,0.45664125122189636,0.7262248289345064,0.6287877156332781,0.004075831007141267,11.758808503253928,-0.0178622487595661
AIB Group,2022,16.3,38138,102400,7200,177,765,-7,353,2512,1618,61231,2159,765,2063,55333,129752,12261,2913,3.5,NPL,Non-performing loans as a % of total loans and advances to customers,2022,0.0058958628768728035,0.01663943523028547,0.7082046000686577,0.4719079474690178,0.7891978543683335,0.597958984375,-1.1432117718149303e-4,11.773380215167526,0.048601715959104785
AIB Group,2023,15.8,38018,104782,8423,173,806,-172,804,4645,-1520,67011,3841,2058,2142,59463,136349,15077,4722,3,NPL,Non-performing loans as a % of total loans and advances to customers,2023,0.015093620048551878,0.028170356951646144,0.4536213468869123,0.49146675076458207,0.7684838172630529,0.6395277814891871,-0.0025667427735744878,11.8229730541801,0.09439662915843283
AIB Group,2024,15.1,37315,109883,8832,164,845,-55,1247,5376,-1344,71233,4129,2351,2195,62030,141266,15437,4928,2.7,Stage3,Computed: Stage 3 loans / Total gross loans (amortised cost),2024,0.016642362635028954,0.029228547562753955,0.445413961038961,0.5042473064997948,0.7778446335282375,0.6482622425670941,-7.721140482641472e-4,11.858399916929917,0.06300458133739228
BBVA,2015,NA,43467,403069,66165,1729,6340,-4272,8761,24783,NA,NA,16022,2642,10836,NA,750078,55439,23362,NA,NA,NA,2015,0.003522300347430534,0.021360445180367907,0.46383015152812257,NA,0.5373694469108546,NA,NA,13.527932480104868,NA
BBVA,2016,NA,43184,401465,74581,2086,6804,-3835,10648,27708,-9428,NA,17059,3475,10323,NA,731856,55428,24655,6.8,NPL,Non-performing loans and advances as a % of the total,2016,0.004748201832054393,0.02330923023108371,0.4186980328533766,NA,0.5485573664764654,NA,NA,13.503339052279799,NA
BBVA,2017,11.7,42680,376379,63915,2229,7150,-4803,11537,29296,-6950,400369,17758,3519,11112,361686,690059,53283,25270,5.4,NPL,Non-performing loans and advances as a % of the total,2017,0.005099563950328885,0.025734031437891543,0.4397309062129007,0.5801953166323459,0.5454301733619878,1.0637389439899676,-0.011996433290289708,13.444532380164283,NA
BBVA,2018,11.6,58196,375970,61112,2253,7132,-3981,12239,29831,12493,386225,17591,5324,11702,348254,676689,52874,23747,3.9,NPL,NPL ratio (%),2018,0.00786772062202873,0.025995693738186967,0.4927780351202257,0.5707570242755534,0.5556023520405977,1.027276112455781,-0.010307463266230823,13.424967066731318,-0.03532741046384713
BBVA,2019,11.98,44303,384219,63963,2489,7522,-4151,12859,31061,-12427,394763,18202,3512,11902,364448,698690,54925,24542,3.8,NPL,NPL ratio,2019,0.005026549685840645,0.026051610871774322,0.484964550566376,0.5650045084372183,0.5499134093804119,1.0274426824285108,-0.010515169861410517,13.45696243214386,0.022106285196452857
BBVA,2020,11.73,65520,409122,61780,1857,5980,-5179,7797,22389,-13133,378139,14592,1305,10755,364448,736176,50020,20166,4,NPL,NPL ratio,2020,0.0017726739258003522,0.01982134706917911,0.5333234156501041,0.5136529851557237,0.55573938840712,0.9242695332932475,-0.013696021833241215,13.509224499558671,-0.042111342755020154
BBVA,2021,12.75,67799,349761,55763,2232,6997,-3034,8329,23015,-11116,330055,14686,4653,9530,307331,662885,48760,21066,4.1,NPL,NPL ratio (%),2021,0.007019317076114258,0.022154672379070275,0.45238773378904396,0.4979068767584121,0.5276345067394796,0.9436586697773622,-0.009192407326051718,13.404356800126132,-0.12715958946313388
BBVA,2022,12.61,79756,393856,55429,2907,8261,-3379,12279,31432,11764,369260,19153,6420,10760,336920,713140,50615,24890,3.4,NPL,NPL Ratio,2022,0.009002439913621449,0.02685727907563732,0.4323021293692246,0.5177945424460835,0.5522842639593909,0.9375507799805005,-0.009150733900232898,13.477433033557805,0.11878323309751404
BBVA,2023,12.67,75416,413487,77750,3611,9899,-4428,24761,47850,11762,388912,23089,8019,12309,363916,775558,55265,29542,3.4,NPL,NPL ratio,2023,0.010339652224591843,0.02977082307190436,0.41666102498138247,0.5014608836476446,0.5331477465257273,0.9405664506985709,-0.01138560908380302,13.561338049259833,0.05321995342035413
BBVA,2024,12.84,51145,447646,69867,5048,13036,-5745,36392,61659,11905,424087,25267,10575,12660,370165,772402,60014,35481,3.3,NPL,NPL ratio,2024,0.013691057247391902,0.03271224051724361,0.3568106874101632,0.5490495881678193,0.5795505449234983,0.9473713604053203,-0.013546748662420683,13.557260418865097,0.0904446250051425
BNP Paribas,2015,11,134547,700309,159447,5720,13335,-3797,18828,41381,27676,708691,22553,7044,29254,629626,1994193,100077,42938,NA,NA,NA,2015,0.003532255905020226,0.011309336658989375,0.6813079323675998,0.3553773381011768,0.3511741340983546,1.011969002254719,-0.005357765231955817,14.505750015191149,NA
BNP Paribas,2016,11.6,160400,765953,153422,5563,12765,-3262,18518,40894,28475,739278,22376,8115,29378,638207,2076959,105220,43411,3.8,Other,DOUBTFUL LOANS(*)/LOANS(**),2016,0.003907154642917843,0.010773443288962372,0.6767409182004561,0.35594251017954615,0.3687858065566051,0.9651741033718779,-0.004412413192330896,14.546415362653784,0.043159853871433285
BNP Paribas,2017,11.9,178446,766890,148156,5777,13231,-2907,19011,40785,25999,752361,21774,8207,29944,640644,1960252,107209,43161,3.3,Other,DOUBTFUL LOANS(*)/LOANS(**),2017,0.0041867066071096986,0.011107755533472227,0.6937744723245522,0.3838083062789886,0.39122010843503796,0.9810546492978133,-0.0038638366422501964,14.488583594370674,0.01769699625851162
BNP Paribas,2018,11.8,185119,796548,151451,3718,12925,-2764,14661,35723,25980,789952,21062,8005,30583,647001,2040836,105726,42516,2.6,Other,DOUBTFUL LOANS(*)/LOANS(**),2018,0.003922412187946508,0.01032028051249586,0.7193291937153071,0.38707274861870333,0.39030475746213805,0.9917192686441997,-0.0034989467714494045,14.528870085795274,0.04996404651490449
BNP Paribas,2019,12.1,155135,834667,157578,3900,13265,-3203,16200,37327,23040,826953,21127,8583,31337,668828,2164713,111845,44597,2.2,Other,DOUBTFUL LOANS(*)/LOANS(**),2019,0.00396495978912678,0.009759723344387917,0.7026705832230867,0.38201507543956176,0.38557859633124575,0.9907579909113455,-0.0038732551910447147,14.587798347121016,0.046839554808393524
BNP Paribas,2020,12.8,308703,940991,148303,3737,13599,-5717,12277,33589,23452,830979,21312,7415,30194,695523,2488491,117349,44275,2.1,Other,DOUBTFUL LOANS(*)/LOANS(**),2020,0.002979717427147617,0.008564226272066083,0.681964991530209,0.3339288749688064,0.3781371923788352,0.8830892112676955,-0.006879836915252973,14.727187060637679,0.004868474991928107
BNP Paribas,2021,12.89,347883,957684,149723,4675,15037,-2971,10280,29518,21959,833935,19238,9880,29466,713671,2634444,122507,43762,2,Other,DOUBTFUL LOANS(*)/LOANS(**),2021,0.003750316954924834,0.007302489633486231,0.6733238883049221,0.3165506649600447,0.3635241439939509,0.870783055788757,-0.003562627782740861,14.784182712000167,0.003557249942537588
BNP Paribas,2022,12.33,318560,1008054,154143,4444,14622,-3004,20251,41082,20245,875301,20831,10597,31695,744851,2666376,126555,47631,1.7,Other,DOUBTFUL LOANS(*)/LOANS(**),2022,0.003974308199593756,0.007812476559945034,0.6654279775776281,0.32827365682859433,0.3780614586989982,0.8683076501854068,-0.0034319622621246863,14.79623080503507,0.04960338635505157
BNP Paribas,2023,13.2,288259,988549,191482,5190,15011,-2907,60484,79542,19264,876712,19058,11406,30956,703694,2591499,128867,45874,1.7,Other,DOUBTFUL LOANS(*)/LOANS(**),2023,0.004401313679843211,0.007354044898338761,0.6748049003792999,0.3383030439139664,0.3814583760209824,0.8868675199711901,-0.0033157981184242943,14.767747030734919,0.0016120168947595381
BNP Paribas,2024,12.87,182496,1034857,198119,5495,16196,-2999,63496,83020,18514,917049,19524,12187,30193,762247,2704908,134141,48831,1.6,Other,DOUBTFUL LOANS /LOANS,2024,0.004505513681056805,0.0072179904085462425,0.6183162335401692,0.33903149386226816,0.3825849160119309,0.8861601168084092,-0.0032702723627636037,14.810578458593756,0.04600940787852803
Banca Transilvania,2015,16.7,4997.93,38301.741,416.424,116.031,603.085,-797.514,464.802,2416.977,-2786.701,28012.315,1952.175,2448.761,1401.326,27587.989,47579.092,6240.813,2854.15,NA,Other,Not found,2015,0.05146716545158113,0.04103010204566325,0.4909783998738679,0.5887526184820845,0.8050120208262908,0.7313587912361477,-0.028470121087814416,10.770148700026262,NA
Banca Transilvania,2016,17.99,5293.66,41681.475,414.845,106.629,652.9,-1027.514,263.533,2027.566,-2243.865,29477.91,1764.033,1277.013,1913.665,NA,51735.268,6153.728,2972.502,NA,NA,NA,2016,0.02468360654863139,0.034097300897329846,0.6437893061131666,0.5697836531937942,0.8056684851811341,0.707218494547038,-0.034857084508365756,10.853894994271116,0.05231966726063164
Banca Transilvania,2017,18.37,6637.725,48932.195,414.578,143.8,744.313,-29.221,211.802,2102.621,-1824.511,31896.727,1890.819,1242.468,1447.97,33062.167,59804.969,7140.112,2890.592,NA,NA,NA,2017,0.020775330558235054,0.03161641969917249,0.5009250700202588,0.5333457659680418,0.8181961435344947,0.6518556341075645,-9.161128036741826e-4,10.998844030132123,0.08205524068700942
Banca Transilvania,2018,16.4,10322.121,65160.466,1655.377,252.233,1029.941,-364.421,432.5,3182.049,-2673.308,40490.392,2749.549,1260.68,2398.712,46104.519,77896.754,7880.073,3945.463,NA,NA,NA,2018,0.016183986305770844,0.03529735013091816,0.6079671764758661,0.5197956258870555,0.8364978340432516,0.6213950649155885,-0.009000184537605859,11.26313956218451,0.26942153030309357
Banca Transilvania,2019,17.04,11391.107,77037.06,1700.207,327.638,1147.939,-292.646,580.647,3654.392,-2781.031,43134.878,3073.745,1847.893,2483.403,51581.043,91722.281,9213.836,4614.986,NA,NA,NA,2019,0.020146609742511746,0.033511432189524376,0.5381171253823955,0.47027698755114905,0.839894725252199,0.5599237302150419,-0.006784440192458642,11.426520605829639,0.06531144474965811
Banca Transilvania,2020,18.37,22133.211,90942.415,1667.761,375.479,1151.94,-865.84,683.332,3660.425,-3498.298,44286.658,2977.093,1424.078,2915.204,57543.951,107492.397,10414.358,4537.632,NA,NA,NA,2020,0.013248174194124633,0.02769584717698685,0.6424505116324991,0.4119980504295574,0.8460357898614913,0.48697473010805803,-0.019550809185014593,11.585175398467287,0.02670182584033287
Banca Transilvania,2021,22.5,18320.913,108021.629,7929.5,471.518,1432.875,-385.844,553.634,3695.753,-3935.719,58459.285,3142.119,2024.533,2638.616,51728.52,132501.19,10564.134,4934.037,NA,NA,NA,2021,0.015279357113698374,0.023713892682775153,0.5347783164171651,0.441198188484194,0.8152502554882715,0.5411812943498566,-0.006600217570228578,11.79434690550016,0.3200202417622029
Banca Transilvania,2022,NA,14540.717,119731.729,4840.928,613.492,1781.324,-553.162,1602.95,5769.63,NA,NA,4426.659,2488.417,2983.748,NA,140510.795,8918.866,6279.956,NA,NA,NA,2022,0.01770979233303747,0.031504049208461164,0.4751224371635725,NA,0.8521176540208174,NA,NA,11.853039597544667,NA
Banca Transilvania,2023,NA,24252.6,138052.954,9548.567,774.686,2058.966,-420.716,3579.328,8432.799,NA,NA,5213.58,2984.501,3523.631,NA,169169.225,13224.262,7742.682,NA,NA,NA,2023,0.017642103639122306,0.03081872604192636,0.45509178860761684,NA,0.816064233905428,NA,NA,12.038654824268326,NA
Banca Transilvania,2024,NA,21950.258,167827.766,12237.715,1027.277,2515.108,-657.077,4323.348,10692.264,NA,NA,6907.762,4731.969,4863.28,NA,207031.042,16628.874,10067.765,NA,NA,NA,2024,0.022856326057616037,0.03336582733327498,0.48305458063433143,NA,0.8106405898300024,NA,NA,12.240624022357084,NA
Banco Comercial Português,2015,13.3,1840.317,51538.583,4768.269,109.598,802.46,-833.024,1014.526,2316.101,-3468.084,55438.243,1301.575,235.344,1106.526,43315.42,74884.879,5680.571,2510.159,6.6,Other,GROUP [Main Credit Risk Indicators],2015,0.0031427439443415537,0.017381012260165366,0.44081908755580823,0.7403129141732339,0.6882375145454932,1.0756648664554864,-0.015026161633585682,11.22370726661428,NA
Banco Comercial Português,2016,12.4,1573.912,48797.647,3512.82,100.021,743.855,-1116.916,679.871,1909.997,-3740.851,51758.453,1230.126,23.938,779.996,39159.79,71264.811,5265.181,2022.46,10.9,Other,Credit at risk Total loans,2016,3.3590210461654065e-4,0.017261338137836358,0.38566696003876466,0.7262834528530497,0.6847369173546254,1.0606751796864304,-0.021579393031704405,11.174157950212367,-0.06637638209421615
Banco Comercial Português,2017,13.2,2167.934,51188,3820.302,114.517,781.214,-623.708,522.935,1914.21,-3321.931,50955.423,1391.275,186.391,954.181,40171.114,71939,5931.851,2101.708,15,NPE,Non-performing exposures / Loans and advances to customers (*),2017,0.002590959006936432,0.019339648869180836,0.4540026492738287,0.7083143079553511,0.7115472831148612,0.9954564155661484,-0.012240267341122846,11.183573816680386,-0.015514953663703923
Banco Comercial Português,2018,12.1,2753.839,52664.687,1686.087,144.471,828.49,-465.468,466.108,1889.739,-2851.906,48412.832,1423.631,301.065,1027.213,41883.032,75923.049,6963.906,2059.433,6.1,NPL,NPL > 90 days / Credit to clients (gross),2018,0.003965396595176255,0.018750972448432626,0.4987843741456993,0.6376565830489763,0.6936587465026596,0.9192655412534779,-0.009614558388156265,11.23747559317286,-0.04989833957418033
Banco Comercial Português,2019,12.2,5166.551,59127.005,1594.724,160.859,864.356,-390.308,442.917,1991.445,-2417.022,52264.851,1548.528,302.003,1169.472,45031.478,81643.408,7381.254,2338.384,2.7,NPL,NPL > 90 days / Gross credit,2019,0.0036990494076386423,0.018966969139749778,0.5001197408124585,0.6401600849391295,0.7242103979784872,0.8839421343935822,-0.007467886974364473,11.310116360295533,0.07956607454816944
Banco Comercial Português,2020,12.2,5303.864,63000.829,1388.849,152.874,855.53,-513.412,272.408,1805.583,-2036.522,54157.337,1533.175,183.012,1119.344,46413.048,85813.421,7386.27,2244.083,3.1,NPL,Non-performing loans (NPL) > 90 days / Loans to customers (gross),2020,0.002132673396157927,0.017866377801206642,0.49879794998669835,0.6311056751833726,0.7341605574727058,0.8596289582157721,-0.00948000822123141,11.359930695154844,0.03620953592692722
Banco Comercial Português,2021,11.7,7796.299,69560,2188.363,147.541,875.264,-352.833,120.523,1709.124,-1867.365,58231,1588.601,138.082,1115.598,45932.529,92904.812,7062.057,2274.895,4.8,NPL,NPL ratio (Loans and Advances),2021,0.0014862739294924786,0.017099232707128237,0.4903953808857112,0.6267813124685081,0.7487233277001841,0.8371334100057505,-0.006059195273994952,11.439330721092341,0.07521904188161987
Banco Comercial Português,2022,12.5,6022.001,75906.814,2823.093,171.866,943.774,-300.829,587.463,2737.235,-1515,57713,2149.772,197.386,1073.018,43106,89876.743,5936.767,2788.614,1.3,NPL,NPL > 90 days / Loans to customers (gross),2022,0.0021961855026277487,0.023919113312773247,0.3847854166980443,0.6421349736716649,0.8445656959331515,0.7603138237365621,-0.005212499783411016,11.406194488437519,-0.008895605433531961
Banco Comercial Português,2023,15.4,4545.526,79215,4000,172.638,944.311,-247.992,1545.565,4371.289,-1582.65,54887.809,2825.724,856.05,1162.551,39725,94379.778,7299.498,3683.58,1.3,NPL,NPL > 90 days / Loans to customers (gross),2023,0.009070269268910549,0.029939930564363056,0.31560357043962667,0.5815632348700799,0.8393217453849064,0.6928966609859244,-0.004518161765210923,11.455082113084352,-0.04895241973212272
Banco Comercial Português,2024,16.5,5589.03,81992.851,4252.826,187.526,996.066,-182.4,1884.981,4715.834,-1486.733,55393.791,2830.853,906.378,1307.2,40490,105518.849,7931.659,3574.6,1.1,NPL,NPL > 90 days / Loans to customers (gross),2024,0.008589725992936106,0.026827936684563344,0.3656912661556538,0.5249658380940072,0.7770445922889094,0.6755929367549374,-0.003292787814432127,11.566644879446944,0.009218476911694529
Banco Santander,2015,10.05,81329,683122,205029,3009,13042,-10108,24386,57198,27121,817365,32189,5966,21571,583893,1340260,98753,45272,4.36,NPL,NPL ratio,2015,0.004451375106322653,0.024016981779654695,0.4764755257112564,0.609855550415591,0.5096936415322401,1.1965139462643568,-0.012366568179454711,14.108374182956483,NA
Banco Santander,2016,10.55,76454,691111,228869,2763,12943,-9626,24067,55156,24835,814863,31089,6204,21088,588088,1339125,102699,44232,3.93,NPL,NPL ratio,2016,0.004632875945113414,0.023215905908709044,0.4767589075782239,0.6085040604872585,0.516091477643984,1.1790624082093903,-0.011813028693166827,14.107526973564859,-0.0030610559541942584
Banco Santander,2017,10.84,110995,777730,217966,2982,14579,-9259,21745,56041,23934,872849,34296,6619,22918,605064,1444305,106833,48355,4.08,NPL,NPL ratio,2017,0.004582827034456019,0.023745676986509083,0.4739530555268328,0.6043384188242789,0.5384804456122495,1.1223033700641611,-0.010607791267447176,14.183138794967915,0.07116042819467805
Banco Santander,2018,11.3,113663,780496,246619,3179,14664,-8986,19984,54325,23307,906228,34341,7810,22779,592319,1459271,107361,48424,3.73,NPL,NPL ratio,2018,0.005351987396446582,0.023532983249855578,0.470407236081282,0.6210141913325216,0.5348533617128004,1.161092433529448,-0.009915826922143213,14.193447553916746,0.03824143694957538
Banco Santander,2019,11.65,101067,824365,208455,3570,15349,-9352,21502,56785,22242,964460,35283,6515,23280,605244,1522695,110659,49229,3.32,NPL,NPL ratio,2019,0.004278598143423338,0.02317141646882665,0.47289199455605435,0.6333901405074556,0.5413855039912786,1.1699429257671057,-0.009696617796487153,14.235992349182531,0.06425755990766113
Banco Santander,2020,12.34,153839,849310,235269,3198,13213,-12382,13747,45741,24272,939794,31994,-8771,21130,562580,1508250,91322,44279,3.21,NPL,NPL ratio,2020,-0.005815348914304658,0.021212663683076415,0.4772013821450349,0.6231022708436931,0.5631095640643129,1.1065382486960003,-0.013175227762679907,14.226460596303008,-0.025574933123198473
Banco Santander,2021,12.12,210689,918344,246163,3310,13812,-7407,13093,46463,23698,995646,33370,8124,21415,579478,1595835,97053,46404,3.16,NPL,NPL ratio,2021,0.005090751863444529,0.02091068312200196,0.4614903887595897,0.6239028470988542,0.575463002127413,1.0841754288153458,-0.007439391108888099,14.282907668188807,0.059430045307801604
Banco Santander,2022,12.04,223073,1025401,280339,4077,15867,-10863,32811,71430,22684,1058688,38619,9605,23903,609702,1734659,97585,52117,3.08,NPL,NPL ratio,2022,0.0055371113285089466,0.022263165267640498,0.4586411343707428,0.6103147650345111,0.5911254027448622,1.0324624220183127,-0.010260813384113167,14.366321410259484,0.06331768520136682
Banco Santander,2023,12.3,220342,1047169,308579,4264,16321,-12956,61991,105252,22788,1059137,43261,11076,25425,623652,1797062,104241,57423,3.14,NPL,NPL ratio,2023,0.006163393360941359,0.024073181670971843,0.44276683558852725,0.5893714295889624,0.5827116704932829,1.0114289097557319,-0.012232600692828218,14.401663667118209,4.241098416153388e-4
Banco Santander,2024,12.8,192208,1055936,325521,4592,17602,-12644,66067,112735,22125,1076194,46668,12574,26034,624477,1837081,107327,61876,3.05,NPL,NPL ratio,2024,0.0068445539418240135,0.025403343674013285,0.42074471523692547,0.585817391829756,0.5747901154059075,1.0191848748408994,-0.011748811087963695,14.423688456856087,0.016104621026364008
Bank of Cyprus,2015,14,1422.602,14180.681,0.712,9.1,162.557,-959,279.665,1122.105,4193.433,22592.475,842.44,-454.302,416,19666,23270.501,3077.331,1040,62,NPE,Non-performing exposures (NPEs)... accounting for % of gross loans,2015,-0.019522656602881047,0.03620205684441431,0.4,0.9708632830896077,0.6093844305285907,1.5931868857356002,-0.042447761920728036,10.054941785931355,NA
Bank of Cyprus,2016,14.5,1506.396,16509.741,850.014,18.216,184.874,-360.311,200.4,859.219,3552.242,20130.095,686.182,67.231,395,18865.224,22171.935,3106.105,963,55,NPE,Non-performing exposures (NPEs) ... accounting for % of gross loans,2016,0.0030322567696504607,0.030948223508683387,0.4101765316718588,0.9079088045314945,0.7446233718437295,1.2192859354971104,-0.0178991206946614,10.006582578909924,-0.10899115745397514
Bank of Cyprus,2017,12.7,3393.934,17849.919,930,10.179,190.577,-1018.357,228.291,811.031,4152.261,18754.715,582.74,-554.325,555.072,17260,23598.6,2616.708,861,47,NPE,NPE ratio,2017,-0.02348974091683405,0.024693837770037207,0.6446829268292683,0.7947384590611308,0.756397371030485,1.0506890815582972,-0.05429871901545824,10.068942667220181,-0.06832456578073776
Bank of Cyprus,2018,12.1,4610.491,16843.558,830,23.636,178.907,-300.634,190.066,609.119,3852.218,15900.427,419.053,-102.033,399.696,15373.359,22075.271,2367.328,755.79,46.7,NPE,Ratio of NPE/Gross loans (%),2018,-0.004622049713455386,0.018982915317324982,0.5288453141745724,0.7202823014041367,0.7630057180271989,0.9440064266706594,-0.018907290980298832,10.002213301727497,-0.15219042251508486
Bank of Cyprus,2019,14.8,5060.042,16691.531,0,9.821,171.715,-263.322,142.201,508.177,2096.18,12821.838,365.976,-67.738,592.944,12890.003,21122.822,2288.627,687.94,30.3,NPE,Ratio of NPE/Gross loans (%),2019,-0.0032068631738694764,0.017326094022853573,0.8619123760793092,0.607013494693086,0.7902131164102978,0.7681642864276501,-0.020536993214233405,9.958109346318427,-0.19361675004073786
Bank of Cyprus,2020,14.8,5653.315,16533.212,994.694,6.417,151.091,-317.251,106.711,436.709,1901.978,12261.404,329.998,-174.783,423.268,11636.375,21514.131,2075.054,570.638,25.2,NPE,Ratio of NPE/Gross loans (%),2020,-0.008124102247030102,0.015338662760768723,0.7417452044904124,0.5699232750790632,0.7684815157070485,0.741622619972453,-0.025873953749505355,9.9764652540317,-0.043709334028397384
Bank of Cyprus,2021,15.1,9230.883,17530.883,2969.6,8.416,180.212,-46.144,92.249,388.549,791.83,10856.66,296.3,31.877,422.694,10694.229,24962.697,2081.227,553.891,12.4,NPE,Ratio of NPE/Gross loans (%),2021,0.0012769854154781432,0.011869711033226898,0.7631357072059305,0.43491534588590325,0.7022832108245356,0.6192876879048248,-0.0042502942894039235,10.125137869530686,-0.11456632535719402
Bank of Cyprus,2022,15.2,9567.258,18998.319,1976.674,10.299,202.583,-126,80.661,450.968,178.442,10217.453,370.307,71.106,510,10114.215,25434.615,2100.67,709,4,NPE,NPE ratio,2022,0.002795638935364266,0.014559174573705952,0.7193229901269393,0.40171447454581083,0.7469473786019564,0.537808266089226,-0.01233184043029119,10.143866320519543,-0.05887694742213534
Bank of Cyprus,2023,17.4,9614.502,19336.915,2043.868,7.32,188.343,-62.749,151.452,943.669,267.232,10069.828,792.217,487.207,383.486,10341.138,26628.577,2488.341,1092.264,3.6,NPE,NPE ratio,2023,0.018296396386483588,0.029750632187367728,0.35109277610541045,0.37815869770284755,0.7261715487087425,0.5207566977462537,-0.006231387467591304,10.18974024140576,-0.014448317012077272
Bank of Cyprus,2024,19.2,7600.726,20519.276,989.435,7.475,184.418,-30.368,188.619,1010.083,254.412,10374.056,821.464,508.188,405.826,10834,26483.592,2830.068,1094.164,2.5,Other,Ratio of NPEs/Gross loans (%),2024,0.019188786777866083,0.031017846823799433,0.37090052313912725,0.39171635025943613,0.7747920297216481,0.5055761226663162,-0.0029273024938365473,10.184280650398204,0.030211836786090185
Bank of Ireland Group,2015,11.3,6603,80164,13243,242,561,-296,825,3269,-5886,90595,2444,947,1821,53300,130960,9113,4804,13.2,NPL,Non-performing loans as % of advances,2015,0.007231215638362859,0.01866218692730605,0.37905911740216486,0.6917761148442273,0.6121258399511301,1.1301207524574621,-0.003267288481704288,11.782647212045017,NA
Bank of Ireland Group,2016,12.3,5192,75167,10697,222,559,-178,598,2861,-3885,82362,2263,793,1897,50800,123129,9402,4672,9.6,NPL,Non-performing loans as % of advances,2016,0.006440399905789863,0.01837909834401319,0.4060359589041096,0.6689082182101698,0.6104735683713829,1.0957201963627656,-0.0021611908404361234,11.720987865256333,-0.09087697996578181
Bank of Ireland Group,2017,13.8,7379,75869,8390,217,543,-15,394,2546,-2359,78487,2152,692,2080,45000,122554,9667,4603,8.3,NPE,Non-performing exposures as % of advances,2017,0.005646490526624998,0.017559606377596813,0.45187920921138386,0.640427893010428,0.6190658811625895,1.0345068473289485,-1.911144520748659e-4,11.716307028162475,-0.04704839610499989
Bank of Ireland Group,2018,13.4,6033,78899,11000,224,521,42,379,2513,-1728,78430,2134,675,1941,47800,123669,10051,3747,6.3,NPE,NPE ratio,2018,0.005458118040899498,0.017255739110043748,0.5180144115292233,0.634192885848515,0.63798526712434,0.9940556914536306,5.355093714139997e-4,11.725363920667993,-7.262349178844829e-4
Bank of Ireland Group,2019,13.8,8325,83968,11000,205,510,-214,370,2525,-1308,80543,2155,448,2065,49900,131883,10433,5557,4.4,NPE,NPE ratio,2019,0.0033969503271839433,0.016340240971163836,0.3716033831203887,0.6107155584874472,0.6366855470379048,0.9592106516768293,-0.0026569658443315993,11.78967044487962,0.026941221471375787
Bank of Ireland Group,2020,13.4,10953,88637,6367,172,428,-1133,481,2570,-2242,78462,2089,-707,2036,48000,133754,9621,4335,5.7,NPE,NPE ratio,2020,-0.005285823227716554,0.015618224501697146,0.4696655132641292,0.5866142320977317,0.6626867233877117,0.8852059523675214,-0.014440111136601158,11.803757570853117,-0.02583713047688807
Bank of Ireland Group,2021,16,31360,92754,8483,179,448,194,543,2770,-1958,77878,2227,1055,1859,46200,155268,11338,6078,5.5,NPE,NPE ratio,2021,0.006794703351624289,0.014342942525182265,0.3058571898650872,0.5015714764149728,0.5973800139114306,0.8396187765487203,0.002491075785202496,11.952907935103953,-0.007443093471999229
Bank of Ireland Group,2022,15.4,36855,99200,7774,268,579,-187,663,3150,-1295,73039,2487,897,2012,47500,151324,11932,3609,3.6,Other,NPEs as % of advances,2022,0.005927678359017737,0.016434934313129444,0.5574951510113605,0.4826663318442547,0.6555470381433216,0.7362802419354839,-0.0025602760169224663,11.927178512444645,-0.06213564806492211
Bank of Ireland Group,2023,14.3,31843,100183,12000,219,673,-425,2622,6329,-1222,80746,3707,1601,2094,52500,155708,12561,4460,3.1,NPE,NPE ratio %,2023,0.01028206643203946,0.023807383050324968,0.4695067264573991,0.5185732268091556,0.6434030364528477,0.8059850473633251,-0.005263418621355856,11.955737737362767,0.10551896931776183
Bank of Ireland Group,2024,14.6,32436,103069,11530,212,729,-107,3141,6742,-1028,83381,3601,1531,2435,55300,161813,13009,4413,2.2,NPE,NPE ratio %,2024,0.009461538936921013,0.02225408341727797,0.5517788352594607,0.5152923436312287,0.6369636555777348,0.808982332224044,-0.0012832659718640938,11.994196626485257,0.032633195452406394
Belfius Bank,2015,14.9,576.276,68072.328,27777.552,104.668,601.668,-92.665,2648.756,4672.441,NA,88716.714,2023.685,506.076,1396.451,47026,176962.124,8659.717,2183.862,2.29,Other,Asset quality ratio(2),2015,0.0028597984052225775,0.011435695697232929,0.6394410452675123,0.5013316521901602,0.38467173913441494,1.3032713380979128,-0.0010445044211173104,12.083690999956552,NA
Belfius Bank,2016,16.1,5111.05,74138.507,23981.43,117.639,625.109,-115.969,2039.969,3983.201,NA,91291.721,1943.232,535.229,1366.281,46554,176720.926,9011.72,2259.271,2.54,Other,Asset quality ratio(2),2016,0.003028667923571202,0.010996049217170806,0.6047441851818572,0.5165869320988054,0.4195230790042374,1.231367135569644,-0.001270312342999865,12.08232707800784,0.02902504932723282
Belfius Bank,2017,15.9,10236.669,76274.483,22027.063,168.809,721.472,-33.013,1609.627,3561.1,-1534.216,91519.456,1951.473,605.502,1368.608,50615,167959.201,9521.408,2354.682,1.99,Other,Asset quality ratio(2),2017,0.003605054063099526,0.011618732337265644,0.5812283781844003,0.544890994093262,0.4541250645744617,1.1998698962010665,-3.6072111267794243e-4,12.031476377701795,0.002494585461917165
Belfius Bank,2018,16,8314.303,79661.31,26686.872,178.71,734.366,-66.397,1527.831,3399.369,-1483.775,90786.221,1871.539,649.028,1425.792,51039,164165.152,9959.623,2361.189,2.05,Other,Asset quality ratio(3),2018,0.003953506527377991,0.011400342747527806,0.6038449272802813,0.5530176160650709,0.4852510354938178,1.1396526243417289,-7.313554773912222e-4,12.00862822448767,-0.008011793688983526
Belfius Bank,2019,15.6,6715.928,85449.91,27654.505,176.873,756.445,-111.438,1541.463,3441.636,-1515.89,94907,1900.173,667.496,1452.379,56398,172439.465,10506,2488.587,1.96,Other,Asset quality ratio(2),2019,0.0038709004345379985,0.01101936264995951,0.5836159234135676,0.5503786502701108,0.4955356942217375,1.110674077948122,-0.001174181040386905,12.057801526327843,0.04538991660419467
Belfius Bank,2020,17.11,25433.799,95268.309,24402.198,169.319,810.261,-453.133,1361.293,3352.799,-1827.928,98639.836,1991.506,531.615,1464.919,59322,187991.433,10733.397,2613.649,2.02,Other,Asset quality ratio,2020,0.002827868225250456,0.010593599762601949,0.5604880379882685,0.524703889033071,0.5067694175191483,1.035389806278602,-0.004593813396040115,12.144151671624845,0.03933151400845025
Belfius Bank,2021,16.37,31640.347,104343.587,23145.353,184.745,942.249,1.361,1356.009,3357.376,-1765.512,103306.489,2001.367,934.964,1477.125,65095,192150.543,11492.748,2703.276,1.95,Other,Asset quality ratio,2021,0.0048657890079446715,0.010415619798690863,0.5464203433167757,0.5376330838679961,0.5430304040306563,0.9900607403883863,1.317439023602864e-5,12.166034421906248,0.04731002391366523
Belfius Bank,2022,16.55,27295.434,108405.724,25928.567,192.643,982.858,-105.689,1640.45,3720.738,-1802.342,111146,2080.288,974.711,1620.005,64796,179465.679,11620.652,2982.353,1.82,Other,Asset quality ratio(2),2022,0.005431183307199367,0.011591564535300367,0.5431969320868455,0.6193161869128191,0.6040471058535933,1.0252779641045522,-9.509024166411746e-4,12.097739265286164,0.07588594942956584
Belfius Bank,2023,15.95,20487.14,104000.435,36017.933,201.362,980.274,-109.211,4442.285,6868.486,1836,115778,2426.201,1114.538,1538.166,69504,179179.352,12219.362,3140.888,1.95,Other,Asset quality ratio(2),2023,0.0062202368049640005,0.013540628275070443,0.4897232884458153,0.6461570415769781,0.5804264489136002,1.1132453436372647,-9.432793795021506e-4,12.096142549669977,0.041674914076979874
Belfius Bank,2024,15.39,22259.583,108662.704,41453.201,222.753,1053.855,-133.294,5795.913,8135.464,-1788.617,125413,2339.551,1126.872,1612.971,75113.7,187457.435,12833.333,3259.288,1.92,Other,Asset quality ratio,2024,0.006011348656296295,0.01248043855929214,0.4948844655642582,0.6690212100683016,0.5796660132472207,1.154149449474403,-0.0010628403753996794,12.141307085287842,0.08321960994316702
CaixaBank,2015,12.9,5771.567,186107.039,32414.786,143.395,2156.832,-2516,4020.418,8373.068,9171.536,211903.981,4352.65,816.502,4606,143311.653,344255.475,25204.55,7726,7.9,NPL,non-performing loan ratio (including non-performing contingent liabilities),2015,0.0023717908916336045,0.012643662384744934,0.5961687807403573,0.6155428058188472,0.5406073469129286,1.1386134674895345,-0.011873302182085951,12.749139320603865,NA
CaixaBank,2016,13.2,13259.957,217123,31996,171.657,2261.91,-1069,2596.196,6753.052,6689.705,204857,4156.856,1054.935,4116,134863.962,347927.262,23555.562,7827,6.9,NPL,NPL ratio,2016,0.0030320561658085878,0.011947485736257138,0.5258719816021464,0.5887926080365614,0.624047103270683,0.9435066759394445,-0.005218274210790942,12.759748719668083,-0.03325553850732044
CaixaBank,2017,12.7,20155.318,196611,28691,261.18,2759.849,-799,NA,NA,7135,223951,4746,1684,4577,148940,383186.163,24683.281,8222,6,NPL,NPL ratio,2017,0.004394730714741388,0.01238562468655738,0.5566772074920944,0.5844443814115491,0.5130952497363533,1.139056309158694,-0.0035677447298739454,12.856276215345474,0.09320648061818737
CaixaBank,2018,11.8,19158.213,210465.352,29453,315.043,2898.386,-567,2038.598,6945.498,6014,224693,4906.9,1984.647,4658,145942.433,386622.25,24058.445,8767,4.7,NPL,NPL ratio (loans + contingent liabilities),2018,0.005133297424035994,0.01269171652692001,0.531310596555264,0.5811693455304241,0.5443694769248278,1.0676009037345016,-0.002523443097915823,12.86520339712664,0.003313224767917955
CaixaBank,2019,12,15110,221079,33648,342,2940,-425,2104,7055,4863,227406,4951,1705,5750,147880,391414,25151,8605,3.6,NPL,NPL ratio,2019,0.0043560015737812135,0.012649011021578175,0.6682161533991865,0.5809858615174726,0.5648213911612768,1.028618729051606,-0.0018689040746506249,12.877521102338653,0.012074252424419063
CaixaBank,2020,13.6,51611,245167,35813,335,2911,-1943,1864,6764,5755,243924,4900,1381,4579,144073,451520,25278,8410,3.3,NPL,NPL ratio,2020,0.003058557760453579,0.01085223245924876,0.5444708680142687,0.5402285613040397,0.5429814847625797,0.9949299864989987,-0.007965595841327626,13.020374947646586,0.07263660589430354
CaixaBank,2021,13.1,104216,392479,53684,424,4129,-897,1917,7892,8625,352951,5975,5229,8049,215500,680036,35425,10274,3.6,NPL,Non-performing loan ratio,2021,0.007689298801828138,0.008786299548847415,0.7834339108429044,0.5190181108058985,0.5771444452940727,0.8992863312432002,-0.0025414292635521645,13.429901016927426,0.44697118774700306
CaixaBank,2022,12.8,20522,393060,52608,396,4406,-982,2317,9233,7867,361323,6916,3149,6070,215103,592234,34262,11594,2.7,NPL,NPL Ratio (loans and contingent liabilities),2022,0.005317155043445665,0.011677816538733002,0.5235466620665862,0.6101017503216634,0.6636903656325034,0.9192566020454892,-0.0027177898998956614,13.291657106037698,0.023720006459820198
CaixaBank,2023,12.4,37861,396761,56755,379,4037,-1225,8110,18223,7665,354098,10113,4818,5812,228428,607167,36339,14231,2.7,NPL,Non-performing loan ratio,2023,0.007935213870319039,0.016656043559679628,0.40840418804019396,0.5831970446351663,0.6534627211294421,0.8924717903221335,-0.0034594942642997136,13.316559155760574,-0.019995959294038856
CaixaBank,2024,12.2,49804,424238,56563,NA,NA,-1056,9796,20904,7016,361214,11108,5787,6108,237969,631003,36865,15873,2.6,NPL,Non-performing loan ratio,2024,0.009171113291062008,0.01760371979214045,0.3848043848043848,0.5724441880624973,0.6723232694614764,0.8514418793224557,-0.002923474726893199,13.35506589587021,0.020096131579393273
Commerzbank,2015,13.8,28509,257615,40605,643,4067,-696,5837,11616,4192,222737,5779,1062,7157,198200,532641,30407,9762,1.6,NPL,NPL ratio (%),2015,0.001993838251279943,0.010849709278857617,0.7331489448883426,0.4181747180558763,0.48365597090723395,0.8646119208896997,-0.0031247614900083956,13.185602930247763,NA
Commerzbank,2016,13.9,34802,250920,38494,625,3837,-900,4771,9848,3934,216518,5077,279,7100,190500,480450,29640,9399,1.6,NPL,NPL ratio (%),2016,5.807055885107712e-4,0.010567176605265896,0.7553995105862326,0.45065667603288584,0.5222603808929129,0.8628965407301132,-0.004156698288364016,13.082478443705414,-0.027920821417187103
Commerzbank,2017,14.9,55733,248995,43369,745,3923,-781,4222,8423,3337,224083,4201,156,7079,171369,452493,30041,9163,1.3,NPL,NPL ratio (%)4,2017,3.447567144685111e-4,0.009284121522321892,0.7725635708828986,0.49521871056568834,0.5502737058915829,0.8999497981887187,-0.00348531570891143,13.022527572389203,0.03493935839052642
Commerzbank,2018,12.9,53914,253113,45524,662,3751,-446,3922,8670,2493,231463,4748,865,6879,180500,462369,29411,8570,0.9,NPL,NPL ratio (%)4,2018,0.0018708001617755517,0.010268854529607305,0.802683780630105,0.5006023327688491,0.5474264061820754,0.9144650808137077,-0.0019268738416075139,13.04411855257043,0.03293422526474554
Commerzbank,2019,13.4,41164,265048,43182,650,3706,-620,3702,8776,2546,250735,5074,644,6313,181765,463636,30667,8643,0.9,NPE,NPE ratio (%)3,2019,0.001389020697271135,0.01094393015210208,0.7304176790466274,0.5408014045501213,0.5716726052334159,0.945998460656183,-0.002472730173290526,13.04685504058215,0.08326168761313912
Commerzbank,2020,13.2,75603,281104,44069,592,3909,-1748,2610,7585,3611,254570,4975,-2870,6160,178581,506916,28600,8186,1,NPE,NPE ratio (%)3,2020,-0.005661687537974734,0.00981424930363216,0.7525042755924749,0.5021936573317868,0.5545376354267768,0.9056078888952132,-0.0068664807322151074,13.136100588373422,0.015295032604143888
Commerzbank,2021,13.6,49507,261965,39352,639,4255,-570,2419,7268,3443,260121,4849,430,6239,175188,473044,29827,8459,0.9,NPE,NPE ratio (%),2021,9.09006350360643e-4,0.01025063207650874,0.7375576309256413,0.549887536888746,0.5537856943540136,0.9929608917221766,-0.0021912879006308604,13.066943686403489,0.021805397336685406
Commerzbank,2022,14.1,75233,299455,37982,675,4194,-876,3873,10332,3704,264374,6459,1435,5844,168700,477438,30905,9461,1.1,NPE,NPE-ratio (%),2022,0.0030056258613683873,0.01352845814535081,0.6176936898847902,0.5537347257654397,0.6272123291401187,0.8828505117630362,-0.003313487710591813,13.07618958754066,0.01635008323049658
Commerzbank,2023,14.7,28413,349195,46580,730,4116,-618,9895,18263,3872,273453,8368,2224,6006,175100,517166,33009,10461,0.8,NPE,NPE-ratio (%),2023,0.00430036003913637,0.016180491370275694,0.5741324921135647,0.528752856916348,0.6752087337527989,0.7830954051461217,-0.002259986176783579,13.156119185126542,0.03434150105532319
Commerzbank,2024,15.1,73001,366978,53544,821,4459,-743,12884,21215,3134,286931,8331,2677,6244,173400,554646,35716,11107,1.1,NPE,NPE ratio (%),2024,0.004826501948990888,0.015020391384775154,0.5621680021607995,0.5173227608240211,0.6616436429722742,0.7818752077781229,-0.0025894727303776865,13.22608535138564,0.0492881774930245
Crédit Agricole Group,2015,13.7,39262,663135,167810,2765,11681,-3031,16257,36240,21430,761816,6043,6431,18786,509403,1698859,97421,31836,NA,NA,NA,2015,0.003785481902853621,0.0035570933196928055,0.5900866943083302,0.44842803316814406,0.3903413997276996,1.1488098200215642,-0.003978651012842996,14.345467407216095,NA
Crédit Agricole Group,2016,14.5,31254,693260,168071,2822,11592,-2412,15237,34373,21347,774010,4800,5172,19102,520963,1722849,103174,30427,3,Impaired,Impaired loans ratio,2016,0.0030020042383284897,0.002786082819794422,0.6277976796923784,0.4492616590310584,0.4023916199272252,1.1164786660127513,-0.0031162388082841305,14.359489873828672,0.016006489756056563
Crédit Agricole Group,2017,14.9,54119,732420,177532,3438,13147,-1651,13734,33411,19958,834716,6500,7010,19699,521516,1763169,107736,32108,2.7,Impaired,Impaired loans ratio,2017,0.003975795853942532,0.003686543944454559,0.6135231095054192,0.47341803309835867,0.41539977166113967,1.139668496218017,-0.001977918238059412,14.382623316116481,0.07843051123370492
Crédit Agricole Group,2018,15,70584,789835,198227,4153,13841,-1719,14594,33110,-19475,857505,NA,7369,20266,541770,1854763,112188,32839,2.41,Impaired,Impaired loan ratio(1),2018,0.003973014341994098,NA,0.6171320685769969,0.4623259144160197,0.42584146869438305,1.0856761222280602,-0.002004653034093096,14.433267483058076,0.0273015013489617
Crédit Agricole Group,2019,15.9,97135,855507,213366,4162,13721,-1757,15512,33509,-18991,932487,NA,7704,20088,559009,2010966,121534,33297,2.47,Impaired,Impaired loans to outstanding loans ratio(1),2019,0.00383099465629951,NA,0.6032975943778719,0.46370102726749235,0.4254209171114778,1.0899817301319568,-0.0018842085734171092,14.514125761600427,0.08744205573145347
Crédit Agricole Group,2020,17.2,197792,963433,171796,3933,13376,-3651,12710,31500,-19585,985075,NA,5193,19921,562059,2217512,126474,33596,2.37,Impaired,Impaired loan ratio,2020,0.0023418137083361895,NA,0.5929574949398738,0.4442253300094881,0.4344657435901136,1.0224634198745528,-0.0037063167779103116,14.611896404650667,0.056395424279373385
Crédit Agricole Group,2021,17.54,241191,1044566,181705,4621,15371,-2193,11851,31634,-18946,1070539,NA,9101,21169,585441,2323557,133715,36822,2.02,Impaired,Impaired loan ratio on outstandings,2021,0.003916839569677008,NA,0.5749008744772147,0.46073283332408027,0.44955471288201665,1.0248648721095652,-0.0020485008019324844,14.658609759162367,0.08675887622769829
Crédit Agricole Group,2022,17.6,210804,1095758,219717,4961,15906,-2893,16739,37648,-20161,1147547,NA,8144,22564,574600,2379120,133791,38162,2.1,Other,non performing loans ratio,2022,0.003423114428864454,NA,0.5912688014255018,0.48234094959480817,0.4605728168398399,1.0472631730728865,-0.002521029639744603,14.682241229374888,0.07193385761751792
Crédit Agricole Group,2023,17.5,180723,1121942,253201,4188,16025,-2941,43143,63255,-19956,1144455,NA,9071,20186,609852,2467099,135620,36492,2.1,Other,non performing loans ratio,2023,0.003676788000805805,NA,0.5531623369505645,0.4638869376543057,0.4547616451548965,1.0200660996736017,-0.002569782123368765,14.71855352441852,-0.0026944430162773036
Crédit Agricole Group,2024,17.2,9907,1392800,1392800,5108,15556,-3191,62569,78510,-21960,1356100,15941,8640,22729,610100,2601700,148800,38060,2.07,Impaired,Impaired loan ratio on outstandings,2024,0.0033209055617480876,0.006127147634239151,0.5971886495007882,0.521236114847984,0.5353422762040204,0.9736502010338886,-0.002353071307425706,14.77167563548129,0.18493081859924598
DNB,2015,14.4,19317,944428,804928,3101,11963,-2270,22174,57532,11192,1549950,35358,24762,19910,1129373,2598530,190078,53993,0.76,Other,Net non-performing and doubtful loans and guarantees represented 0.76 per cent of the loan portfolio,2015,0.00952923383605346,0.013606923914674836,0.3687515048246995,0.5964718513929029,0.3634470258184435,1.6411521047660595,-0.0014645633730120326,14.770456458486175,NA
DNB,2016,16,208263,934897,765869,3172,11452,-7424,18314,52424,15615,1519392,34110,19251,21333,1051498,2653201,206423,52163,1.49,Other,Net non-performing and doubtful loans and guarantees represented 1.49 per cent,2016,0.007255763886716461,0.012856168831535945,0.4089680424822192,0.5726637371235727,0.3523656895953228,1.6251972142385738,-0.004886164992312715,14.791277393536829,-0.01971547469273205
DNB,2017,16.4,151595,971137,780247,3831,12279,-2428,18442,53865,12387,1548577,35422,21803,22593,1042601,2698268,216897,51140,0.98,Other,Net non-performing and doubtful loans and guarantees represented 0.98 per cent,2017,0.008080368592000498,0.013127680423145514,0.4417872506843958,0.5739151930052908,0.35991124677015035,1.5946019974524706,-0.0015678910380303981,14.808120643655798,0.019208341231229387
DNB,2018,16.4,155592,927092,801918,3925,13235,139,20838,57660,11617,1545180,36822,24282,22057,1077934,2634903,223966,50368,1.51,Stage3,"Net loans at amortised cost and financial commitments in stage 3, in % of net loans",2018,0.009215519508687797,0.013974707987352855,0.43791693138500637,0.5864276597658433,0.3518505235297087,1.6666954304427177,8.995715709496629e-5,14.784356927135804,-0.002193626794147141
DNB,2019,18.6,304746,969557,870170,3768,13484,-2191,26147,65349,11609,1677441,39202,25721,23133,960691,2793294,242255,54857,1.09,Stage3,"Net loans and financial commitments in stage 3, per cent of net loans",2019,0.009208124887677416,0.01403432649767622,0.4216964106677361,0.6005243271921967,0.3471016656320459,1.7301107619252916,-0.0013061562224841292,14.842732102545432,0.08559585291034044
DNB,2020,18.7,283526,1105574,777829,3789,13289,-9918,16672,55296,15469,1707829,38623,19840,23401,967433,2918943,248396,56399,1.55,Stage3,"Net loans and financial commitments in stage 3, per cent of net loans",2020,0.006796980961944101,0.01323184454098624,0.41491870423234456,0.5850847378657275,0.37875833820667276,1.5447441781373297,-0.005807372986405547,14.886732122410239,0.018115689314855077
DNB,2021,19.4,296727,1247719,702759,3981,14992,868,8197,46887,11191,1708702,38690,25355,24034,973431,2919244,243912,55915,1.55,Stage3,"Net loans... in stage 3, in % of net loans",2021,0.008685467881410393,0.013253431367847292,0.42983099347223463,0.5853234604575706,0.4274116860392622,1.3694605916877118,5.079879347013113e-4,14.88683523661342,5.111752991664442e-4
DNB,2022,18.3,309988,1396630,737886,3890,15343,272,31699,79992,12632,1920333,48294,32861,26510,1061973,3236431,259098,66115,1.25,Stage3,"Net loans... in stage 3, in % of net loans",2022,0.010153468434828365,0.014921992775375096,0.40096801028510926,0.5933489698992501,0.4315339953176817,1.3749761926924096,1.4164210061484128e-4,14.98998173741401,0.12385483249858664
DNB,2023,18.2,331408,1422941,807928,3658,14772,-2649,99098,160645,8454,2005139,61547,39479,28620,1099949,3439724,269296,81697,1.17,Stage3,"Net loans... in stage 3, per cent of net loans at amortised cost",2023,0.011477374347476716,0.017893005369035424,0.35031886115769245,0.5829360146337322,0.41367883004566647,1.4091511875755918,-0.0013211054196242754,15.050901793572638,0.0441621322968464
DNB,2024,19.4,147944,1487763,854765,3832,16298,-1209,129364,193554,7766,2258637,64190,45804,30448,1121130,3614125,283325,86537,0.97,Stage3,"Net loans... in stage 3, per cent of net loans at amortised cost",2024,0.012673607027980493,0.01776086881333656,0.35184949790263126,0.6249471172137101,0.41165233631930276,1.5181430106811367,-5.352785773012662e-4,15.100360337250613,0.12642415313851063
Danske Bank,2015,16.1,76837,863474,1058450,4887,15566,-61,26333,59666,31412,1851658,33333,13123,24785,833594,3292878,160830,47086,2,NPL,NPL as percentage of total gross exposure,2015,0.003985267598738854,0.010122755838509656,0.5263772671282334,0.5623220781334747,0.26222471649420354,2.1444282051341443,-3.2943448520191093e-05,15.007272512387958,NA
Danske Bank,2016,16.3,53211,943865,1119244,5736,15883,-168,27289,59618,26156,1933030,32329,19858,24647,815249,3483670,166615,49836,1.6,NPL,NPL as percentage of total gross exposure,2016,0.005700310304937035,0.00928015569787035,0.49456216389758406,0.5548832122445582,0.27093984217793304,2.047994151706017,-8.691018763288723e-5,15.063596893754308,0.043945480212868704
Danske Bank,2017,17.6,82818,1046858,1163455,6749,17572,-1582,28631,58495,20749,1920032,29863,20900,25877,753409,3539528,168256,50582,1.2,NPL,Non-performing loans as a percentage of total gross exposure (%),2017,0.005904742101206714,0.008437000639633306,0.511585148867186,0.5424542481370398,0.29576203380789756,1.834090201345359,-8.239446009233179e-4,15.079503942886944,-0.006724158445549189
Danske Bank,2018,17,40997,1059119,1071570,6932,17312,-387,30746,59767,21170,2064750,29022,14689,28020,748104,3578467,163276,46955,1.2,NPL,Non-performing loans as a percentage of total gross exposure (%),2018,0.004104830364510837,0.008110176787993294,0.5967415610691087,0.57699288550097,0.29597003409560574,1.9494976485173054,-1.874318924809299e-4,15.090445054377316,0.07537270212163127
Danske Bank,2019,17.3,99035,1140726,1145910,6079,16437,1729,41927,69819,21313,2169320,27892,15072,30960,767177,3761050,170508,48114,1.4,NPL,Non-performing loans as a percentage of total gross exposure (%),2019,0.004007391552890815,0.007416014144986108,0.6434717545828657,0.5767857380252855,0.30329987636431316,1.9017011973076794,7.970239522062213e-4,15.140208731700717,0.05064535658069991
Danske Bank,2020,18.3,320702,1333781,1135971,5760,16434,7089,36234,64352,22554,2070484,28118,4589,32822,784184,4109231,168679,46215,1.2,NPL,Non-performing loans as a percentage of total gross exposure (%),2020,0.0011167539619943488,0.006842642820517999,0.7102023152656064,0.5038616714416883,0.32458165530241545,1.5523418012402337,0.003423837131801067,15.228746464343292,-0.045560820902402543
Danske Bank,2021,17.7,293386,1292030,1126417,6378,18495,141,30904,57678,22746,2072284,26774,12920,30822,860173,3935834,176704,47534,1,NPL,NPL as a percentage of total gross exposure (%),2021,0.003282658770669698,0.006802624297671091,0.648420078259772,0.526517124451895,0.3282734993396571,1.603897742312485,6.80408669854132e-5,15.18563336146815,8.69361946288949e-4
Danske Bank,2022,17.8,175052,1262293,983305,5993,17305,1502,51241,79267,19645,2032466,28026,-5068,31250,838193,3762999,160318,45895,1.3,Stage3,Total gross credit exposure in stage 3 ... corresponding to 1.3% of total gross exposure,2022,-0.0013467981256439345,0.007447783004991497,0.6809020590478265,0.5401186659895472,0.3354486674059706,1.6101380582796545,7.390037520922859e-4,15.140726803830123,-0.019214547812944516
Danske Bank,2023,18.8,259156,1222203,1056208,4481,16111,262,47325,79594,20140,1863831,32269,21262,28908,827882,3770981,175739,55852,1.3,Other,corresponding to 1.3% of total gross exposure,2023,0.005638320638581844,0.008557189760436342,0.5175821814796248,0.4942562691246654,0.32410744047769,1.524976620086843,1.4057068478848136e-4,15.142845737776462,-0.08297063763920287
Danske Bank,2024,17.8,107498,1094635,1079246,4551,19463,-543,43829,80526,19901,2013679,36697,23629,25736,814706,3716042,175687,56405,1.3,Stage3,Stage 3 gross/total gross credit exposure,2024,0.00635864718428909,0.009875292044600142,0.45627160712702775,0.5418881164421715,0.29457013672073673,1.8395894521918266,-2.696556899088683e-4,15.128169681327774,0.08039784722971133
Deutsche Bank,2015,11.1,96940,566974,160016,3647,16412,956,10086,25967,5028,432777,15881,-6772,38667,396714,1629130,67624,33525,1.7,Other,90 days or more past due ratio of our consumer credit exposure,2015,-0.004156819897736829,0.009748147784400262,1.1533780760626398,0.2656491501599013,0.348022564190703,0.7633101341507723,0.002208989849275724,14.303556687960514,NA
Deutsche Bank,2016,11.8,181364,550204,172316,3255,14999,1383,10929,25636,4546,413455,14707,-1356,29442,357518,1590546,64819,30014,1.45,Other,90 days or more past due ratio of our consumer credit exposure,2016,-8.525374305427193e-4,0.00924651031784054,0.9809422269607516,0.25994532695061945,0.3459214634471433,0.7514576411658221,0.003344983129965776,14.27958791147584,-0.044646550070821744
Deutsche Bank,2017,14,225655,580812,159715,3100,14102,525,11714,24092,3921,405621,12378,-735,24695,344212,1474732,68099,26447,1.34,Other,90 days or more past due ratio of our consumer credit exposure,2017,-4.983956406994627e-4,0.008393389442963197,0.9337543010549401,0.27504726282470304,0.39384240662032155,0.6983688353546414,0.0012943116850458927,14.203986836332282,-0.01894764847444097
Deutsche Bank,2018,13.6,188731,564405,152083,2882,12921,525,11601,24793,4247,433832,13192,341,23461,350432,1348137,68737,25316,NA,NA,NA,2018,2.529416520724526e-4,0.009785355642638693,0.9267261810712593,0.321801122586206,0.418655522398688,0.7686537149741763,0.0012101458629146767,14.11423419733768,0.06955014656538983
Deutsche Bank,2019,13.6,137592,572208,136473,2763,12283,723,11400,25149,4018,454235,13749,-5265,25076,324015,1297674,62160,23165,NA,NA,NA,2019,-0.004057259373309475,0.010595110944659444,1.0824951435355061,0.3500378369297682,0.4409489594459009,0.7938284679696893,0.001591687122304534,14.07608398907728,0.047029725792472554
Deutsche Bank,2020,13.6,166208,568031,149163,2803,12227,1792,6280,17806,4808,431807,11526,624,21216,328951,1325259,62196,24028,NA,NA,NA,2020,4.7085135811188606e-4,0.008697167874355125,0.8829698684867654,0.325828385243941,0.42861885865328964,0.7601821027373507,0.00415000220005697,14.09711846999847,-0.04937532334584516
Deutsche Bank,2021,13.2,192021,603750,144485,2796,13730,515,5444,16599,4779,490671,11155,2510,21505,351629,1323993,68030,25410,NA,NA,NA,2021,0.0018957804157574852,0.00842527113058755,0.8463203463203464,0.3705993913865103,0.4560069426348931,0.8127055900621118,0.0010495831218881898,14.09616272845605,0.13632016155365712
Deutsche Bank,2022,13.4,178896,621456,131525,2675,12512,1226,10649,24299,4848,501732,13650,5659,20390,360003,1336788,72328,27210,NA,NA,NA,2022,0.004233281567458715,0.010211043187102219,0.7493568540977582,0.3753265289634557,0.46488747654826346,0.8073491928632116,0.0024435355927068633,14.105780279562348,0.022542599827583
Deutsche Bank,2023,13.7,178416,622035,119390,2452,11657,1505,30472,44074,5208,492868,13602,4892,21695,349742,1312331,74818,28879,NA,NA,NA,2023,0.0037277180833189187,0.010364763158075212,0.7512379237508224,0.3755668348915022,0.4739924607435167,0.7923476974768301,0.003053555921666653,14.087315503252627,-0.01766680219718897
Deutsche Bank,2024,13.8,147494,666261,114899,2818,13190,1830,36292,49358,5697,503005,13065,3505,22971,357427,1387177,79432,30092,NA,NA,NA,2024,0.0025267143270109003,0.009418408753893699,0.7633590323009438,0.36261053924625336,0.4802999184675063,0.7549668973570418,0.003638134809793143,14.142781304709485,0.02056737300859468
Erste Group Bank,2015,12,7328,127797.081,27895.975,479,2341,729.143,1701,5518,6009,131906,4444.657,968.228,3868.858,98300,199743.371,14807.313,6771,7.1,NPL,NPL ratio,2015,0.0048473598655747125,0.022251837333815697,0.5713865012553537,0.6603773599074785,0.6398063693437916,1.0321519002456714,0.005527747031977317,12.204788676594735,NA
Erste Group Bank,2016,12.8,13333,138013,27192,442,2225,-195.672,1493,5885,4613,135267,4374.518,1264.728,4028,103639,208227.07,16602.154,6691,4.9,NPL,NPL ratio,2016,0.006073792422858373,0.021008402029572812,0.60200269018084,0.6496129441767585,0.6628004706592663,0.9801033235999508,-0.0014465612455366054,12.246384445923537,0.025480266250208494
Erste Group Bank,2017,12.9,21796.299,150920.715,25095,477.816,2329.384,-132.017,1271.268,5624.422,3977,143509,4353.154,1316.218,4158,111571,220659.433,18288.316,6669,4,NPL,NPL ratio,2017,0.005964929675134261,0.0197279306885557,0.6234817813765182,0.650364219869993,0.6839531532739868,0.9508900087042392,-9.199213986579238e-4,12.304375764746961,0.06093134319531002
Erste Group Bank,2018,13.5,17549.181,162638.233,29738.288,468.571,2377.02,59.253,2365,6947,-3563,152836,4581.977,1793.446,4181,114599,236791.833,18868.719,6916,3.2,NPL,NPL ratio based on gross customer loans,2018,0.007573935204091265,0.01935023240434141,0.6045401966454598,0.6454445580477431,0.6868405507887597,0.939729835849852,3.876900730194457e-4,12.374936692376957,0.06499243949856814
Erste Group Bank,2019,13.7,10693.301,173331,30000,373,2374,-39.159,2452,7199,-3290,157312,4746.85,1470.111,4283,119000,245692.847,20477.324,7256,2.5,NPL,NPL ratio based on gross customer loans,2019,0.0059835319503623976,0.019320261285425213,0.5902701212789415,0.6402791205394759,0.705478413866888,0.9075814482118029,-2.489257017900732e-4,12.411837445346373,0.029286293805124375
Erste Group Bank,2020,14.2,35839,191070,30676,378,2355,-1295,621,5107.9,4000,163417,4775,783,4221,120000,277394,22410,7155,2.7,NPL,NPL ratio,2020,0.002822699842101848,0.01721378256198764,0.589937106918239,0.5891151214517978,0.6888036511243935,0.8552729366200869,-0.007924512137660097,12.533194157212943,0.03880822823433694
Erste Group Bank,2021,14.5,45495,210523,32130,419,2722,-159,1610,6585,4000,184177,4976,1923,4307,129647,307428,23513,7742,2.4,NPL,NPL ratio,2021,0.006255123150786525,0.016185903691270803,0.5563161973650219,0.599089868196781,0.6847879828772916,0.8748545289588311,-8.632999777388056e-4,12.635996192470712,0.12703696677824206
Erste Group Bank,2022,14.2,35685,223973,29300,436,2888,-299,5289,11240,-3830,198143,5950,2164,4574,143926,323865,25305,8570,2,NPL,NPL ratio,2022,0.006681796427523814,0.018371852469393112,0.5337222870478413,0.6118073888811696,0.6915628425424174,0.8846735990498855,-0.0015090111687013925,12.688082041278124,0.07582922949119597
Erste Group Bank,2023,15.7,36685,232815,43759,464,3104,-128,12262,19490,-3915,203156,7228,2998,5020,146545,337155,28502,10552,2,NPL,NPL ratio,2023,0.008892052616748972,0.02143821091189512,0.47573919636087947,0.6025596535717993,0.690528095386395,0.8726070055623564,-6.300576896572092e-4,12.728298044247037,0.025299909661204323
Erste Group Bank,2024,15.1,25129,241651,51889,517,3454,-397,11581,19109,4100,213024,7528,3125,5279,159100,353736,30767,11178,2.6,NPL,NPL ratio – non-performing loans as a percentage of gross customer loans,2024,0.008834271886378543,0.021281407603410452,0.47226695294328147,0.6022118189836488,0.6831394033968835,0.8815357685256837,-0.0018636397776776326,12.776306151184704,0.04857351001201038
Eurobank,2015,17,1798,31446,150,178,370,-2665,1123,2586,-11790,51683,1463,-1155,1017,38888,73553,7132,1762,NA,NA,NA,2015,-0.015702962489633324,0.019890419153535545,0.5771850170261067,0.702663385585904,0.42752844887360136,1.6435476690199071,-0.05156434417506724,11.20576151377695,NA
Eurobank,2016,17.6,1477,34031,102,137,381,-775,829,2377,-11598,50656,1548,249,992,38511,66393,7355,2062,NA,NA,NA,2016,0.0037503953730061903,0.023315710993628846,0.481086323957323,0.7629720000602473,0.5125690961396533,1.4885251682289677,-0.01529927353126974,11.103346908220521,-0.019871137511367376
Eurobank,2017,17.9,1524,33843,549,114,372,-750,700,2164,-10134,47242,1464,115,895,38387,60029,7150,1882,NA,NA,NA,2017,0.0019157407253160973,0.024388212364024053,0.47555791710945805,0.7869862899598528,0.5637775075380232,1.3959164376680555,-0.01587570382286948,11.00258305776964,-0.06739576753000631
Eurobank,2018,14.2,1924,39083,2707,124,422,-680,770,2186,-8800,44973,1416,91,879,38849,57984,5031,1845,NA,NA,NA,2018,0.0015693984547461369,0.024420529801324503,0.4764227642276423,0.7756105132450332,0.6740307671081678,1.1507049100631987,-0.015120183221043738,10.967922389402652,-0.048029295965454466
Eurobank,2019,16.7,4679,44841,2406,119,413,-624,728,2105,-7099,44406,1377,127,901,41407,64761,6667,1844,29.2,NPE,driving the NPE ratio to,2019,0.0019610568088818886,0.021262797053782367,0.4886117136659436,0.6856904618520406,0.692407467457266,0.9902990566668897,-0.014052155114173761,11.078458849302987,-0.012607564538723248
Eurobank,2020,12.4,6637,47306,1559,91,331,-449,447,1454,-3477,40874,1007,247,652,NA,67726,5225,1984,14,NPE,driving the NPE ratio to,2020,0.0036470484009095473,0.01486873578832354,0.3286290322580645,0.6035200661488941,0.6984909783539557,0.8640341605715977,-0.010984978225766991,11.123225432440446,-0.07953880106291944
Eurobank,2021,12.4,13515,53232,2554,NA,358,-413,521,1833,-1872,40815,1312,397,869,NA,77848,5565,1885,6.8,NPE,driving the NPE ratio at,2021,0.0050996814304799095,0.01685335525639708,0.4610079575596817,0.5242909259068955,0.6837940602199157,0.7667380522993688,-0.010118828861938012,11.262513486501826,-0.0014434603904682763
Eurobank,2022,15.1,14994,57297,3554,136,584,-292,764,2315,-1626,43450,1551,1336,910,NA,81457,6653,3135,5.2,NPE,driving the NPE ratio to,2022,0.01640129147893981,0.019040720871134464,0.2902711323763955,0.5334102655388733,0.7034017948119867,0.7583294064261654,-0.006720368239355581,11.30783055263325,0.06455959818694113
Eurobank,2023,16.1,10943,57842,4758,NA,447,-413,2280,4454,-1258,42804,2174,1136,906,NA,79815,7532,2914,3.5,NPE,driving the NPE ratio to,2023,0.014232913612729436,0.027237987846895947,0.3109128345916266,0.5362901710204848,0.7247008707636409,0.7400159053974621,-0.009648630969068312,11.28746673569858,-0.014867663981588009
Eurobank,2024,17.6,16131,78860,7057,144,705,-305,2593,5097,-1309,52245,2504,1514,1090,NA,101151,8636,3339,2.9,NPE,"The Group NPE ratio, excluding the NPE covered by the APS, decreased to",2024,0.014967721525244436,0.024755069154037034,0.3264450434261755,0.5165050271376457,0.7796264989965497,0.6625031701749936,-0.005837879222892143,11.524369728854486,0.22056349873843573
ING Groep,2015,12.7,21458,500777,121289,1093,3411,1347,33760,46321,5786,543115,12561,4010,9246,321151,841769,48470,16845,2.5,NPL,ING Bank’s non-performing loan ratio,2015,0.0047637772357974695,0.014922146099464342,0.548886910062333,0.6452067016010331,0.5949102425962467,1.08454461766415,0.0024801377240547583,13.643260908791149,NA
ING Groep,2016,14.18,18144,522942,103234,1148,3581,974,30941,44182,5308,568838,13241,4651,10614,314325,845081,50399,17491,2.1,NPL,NPL ratio,2016,0.0055036144464258455,0.015668320551521096,0.6068263678463209,0.673116541491289,0.6188069545996182,1.0877649911462457,0.0017122625422352233,13.647187759733393,0.04736197674525644
ING Groep,2017,14.7,21989,539799,96086,1155,3865,676,30244,43958,4628,579050,13714,4905,9829,309887,846216,51121,17773,1.9,NPL,The NPL ratio,2017,0.005796392410448396,0.016206264121689972,0.5530298767793844,0.6842815545912627,0.6378974162625145,1.0727141028419838,0.0011674294102409118,13.64852992514891,0.017952387147131432
ING Groep,2018,14.5,45987,556000,119751,1442,4240,656,13850,27766,NA,600000,13916,4703,10682,314149,887000,51735,18176,1.5,Stage3,Stage 3 ratio,2018,0.005302142051860203,0.015688838782412628,0.5876980633802817,0.6764374295377678,0.6268320180383314,1.079136690647482,0.0010933333333333333,13.695600261291716,0.036179949917969134
ING Groep,2019,14.57,53202,574433,118528,1571,4439,1120,14376,28454,4646,620945,14079,4781,10353,326414,891744,54662,18306,1.3,Stage3,stage 3 make up ... of total amounts,2019,0.005361404169806581,0.015788163419097858,0.5655522779416585,0.6963265242042559,0.6441680572002727,1.0809702785181214,0.0018037024213094558,13.700934374855358,0.03490833333333332
ING Groep,2020,15.5,111087,609642,82065,1503,4514,2675,9094,22698,5854,603956,13604,2485,11153,306324,937275,55659,17637,1.7,Stage3,Stage 3 ratio,2020,0.0026513029793817184,0.014514416793363741,0.6323637806883257,0.6443743831852978,0.6504409058173962,0.9906732147719481,0.004429130598917802,13.750732008022094,-0.027359911103237766
ING Groep,2021,15.89,106520,617296,91784,1487,5004,516,7499,21114,5368,632782,13615,4776,11192,313064,951290,54654,18490,1.3,Stage3,Stage 3 makes up ... of total gross carrying amounts,2021,0.005020551041217715,0.014312144561595307,0.6053001622498648,0.6651830672034816,0.6489041196690809,1.0250868303050724,8.154467099253771e-4,13.765574237208256,0.04772864248388964
ING Groep,2022,14.5,87614,640770,95918,1499,5085,1861,14714,28470,6101,641490,13756,3674,11199,331520,967817,50413,18561,1.2,NPL,non-performing loans,2022,0.0037961722102422255,0.014213430844880798,0.6033618878293195,0.6628215871388909,0.6620776448440149,1.0011236481108665,0.0029010584732419836,13.782798298799811,0.013761453391531342
ING Groep,2023,14.7,90214,650267,124670,1514,5109,520,36252,52227,5839,648023,15976,7287,11564,319169,975583,52184,22575,1.3,NPL,non-performing loans,2023,0.007469379847742324,0.016375849107661777,0.5122480620155039,0.664241791831141,0.6665419549131135,0.996549109827194,8.024406541125855e-4,13.790790519997831,0.010184102636050518
ING Groep,2024,13.6,70353,691661,142367,1596,5604,1194,34889,58905,6049,686066,15023,6392,12121,333708,1020545,51309,22615,1.4,NPL,non-performing loans,2024,0.006263320088776095,0.01472056597210314,0.535971700198983,0.6722545306674375,0.6777368954823159,0.9919107771003425,0.0017403573417134794,13.835847356291191,0.058706249623855955
Intesa Sanpaolo,2015,13,9344,255258,110144,1686,8735,-2824,4910,14148,-32101,382111,9238,2739,10025,284319,676496,48593,17149,9.5,NPL,Non-performing loans (as % of total loans to customers),2015,0.004048804427520636,0.013655660935171827,0.5845821913814216,0.5648385208486081,0.37732373879520353,1.4969599385719548,-0.0073905226491778565,13.424681813789098,NA
Intesa Sanpaolo,2016,12.7,8686,291876,94783,1730,8465,-3288,4250,12865,-30205,394918,8615,3111,8674,283918,725100,49319,16929,8.2,Other,non-performing assets as a percentage of total net loans to customers,2016,0.004290442697558957,0.011881119845538546,0.5123752141296001,0.5446393600882636,0.4025320645428217,1.3530334799709465,-0.008325779022480616,13.494064855359683,0.03351643894051737
Intesa Sanpaolo,2017,13.3,9353,323443,95038,2116,9544,-3288,3871,12398,-27505,438387,8527,7316,9210,286825,796861,56604,17443,6.2,Other,non-performing assets as a percentage of total net loans to customers,2017,0.00918102404308907,0.010700737016869943,0.5280055036404289,0.5501423711287163,0.4058963859443491,1.3553763723438133,-0.007500222406230112,13.588435538547147,0.11007095143802004
Intesa Sanpaolo,2018,13.5,10350,323386,92985,2308,9911,-2394,3144,10486,-22008,415558,7342,4050,10285,276446,787721,54024,17875,4.2,Other,non-performing assets as a percentage of total net loans to customers,2018,0.005141414282468031,0.00932055892885933,0.5753846153846154,0.5275446509614444,0.4105336788025202,1.2850216150359013,-0.00576092867902916,13.576899245231946,-0.05207499309970409
Intesa Sanpaolo,2019,13.9,9745,414578,103316,2159,9658,-2089,3269,10193,NA,414037,6924,4182,9290,298524,816102,56203,18083,7.6,NPL,NPL to total loan ratios ... in gross book values,2019,0.005124359455068116,0.008484233588448502,0.5137421887961069,0.5073348674552935,0.5079977747879554,0.9986950585896984,-0.005045442798590464,13.612294626134394,-0.0036601388975786575
Intesa Sanpaolo,2020,14.7,9814,422365,91834,2334,10312,-4364,2451,10183,-12983,480682,7732,3277,9971,NA,1002614,66321,19023,NA,NA,NA,2020,0.003268456255348519,0.007711841246980393,0.5241549702991116,0.4794287731868895,0.4212638163839723,1.1380725202135593,-0.009078767251530118,13.818121147408442,0.1609638752092204
Intesa Sanpaolo,2021,12.8,10483,458239,86558,2723,12087,-2843,2480,10473,-14218,603649,7993,4185,12999,331732,1069003,64066,20918,1.6,NPL,Net non-performing loans / Loans to customers,2021,0.003914862727232758,0.007477060401140128,0.6214265226121044,0.5646841028509743,0.42866016278719515,1.3173234927625104,-0.004709690565212566,13.88223699636433,0.25581777557720065
Intesa Sanpaolo,2022,13.8,112924,454025,76079,2708,11285,-3113,3547,13232,-8508,558599,9685,4354,10934,295443,975683,61821,21470,1.2,NPL,Net non-performing loans / Loans to customers,2022,0.004462514976688125,0.009926379777038238,0.5092687470889613,0.5725209929864515,0.4653406895477322,1.2303265238698309,-0.005572870699732725,13.790893017555916,-0.074629461823013
Intesa Sanpaolo,2023,13.7,89270,440449,108428,2727,10528,-1416,15589,32525,NA,NA,16936,7724,12578,302110,963570,64127,25138,1.8,NPL,NPL ratio ... in gross terms,2023,0.008016023745031497,0.017576304783253942,0.5003580237091256,NA,0.4571011965918408,NA,NA,13.778400415987893,NA
Intesa Sanpaolo,2024,13.9,40533,443457,110369,2781,11392,-1139,16512,34602,-7498,560388,18090,8666,11570,282109,933285,65321,27107,1.2,NPL,Net non-performing loans / Net loans to customers,2024,0.009285480855258576,0.01938314662723605,0.42682701885121926,0.6004468088526013,0.4751571063501503,1.2636805823338002,-0.0020325203252032522,13.74646589942211,NA
Jyske Bank,2015,16.1,2825,144920,279393,414,2246,1372,5924,13628,6713,410030,7704,2476,5665,176904,543399,30040,10241,4.7,NPL,Non-performing loans and advances amounted to 4.7%,2015,0.0045565045206192875,0.01417742763604644,0.5531686358754028,0.7545652457954468,0.26669169431669915,2.8293541264145734,0.0033460966270760675,13.205599135707693,NA
Jyske Bank,2016,16.5,2068,154648,322240,452,1980,201,5079,11652,5937,438592,6573,3116,5621,182195,586703,32514,9728,3.7,NPL,NPL ratio,2016,0.005311034714327352,0.01120328343301466,0.5778166118421053,0.747553702640007,0.2635882209567703,2.836066421809529,4.5828469283525465e-4,13.282274008246711,0.06965831768407194
Jyske Bank,2017,16.4,19347,160023,341521,426,2380,-179,4931,11219,5157,447673,6288,3143,6027,187998,597440,34604,9850,2.9,NPL,NPL ratio,2017,0.005260779325120514,0.010524906266738082,0.6118781725888325,0.7493187600428495,0.2678478173540439,2.7975541015978953,-3.998454228867946e-4,13.300409139335494,0.020704892018094334
Jyske Bank,2018,16.4,6081,148701,359763,471,2325,468,4678,10394,5607,487044,5716,2500,5415,188433,599947,34332,9023,1.5,NPL,NPL ratio,2018,0.004167034754736668,0.00952750826322992,0.6001329934611548,0.8118117100343863,0.24785689402563893,3.2753243085117116,9.608988099637816e-4,13.304596596963332,0.08794588907528489
Jyske Bank,2019,17.4,9889,140235,395593,423,2734,-101,4727,10038,5227,502918,5311,2440,5495,181448,649738,35710,8473,1.4,NPL,NPL ratio,2019,0.003755359852740643,0.008174064007338342,0.6485306266965656,0.7740319944346798,0.21583315120864102,3.5862516490177203,-2.0082796797887527e-4,13.384324483691405,0.03259253784052363
Jyske Bank,2020,17.9,34951,136953,412525,377,2468,968,3942,8992,5761,508309,5050,1609,5424,179426,672648,36632,8502,1,NPL,NPL ratio,2020,0.002392038629416872,0.007507641440991425,0.6379675370501059,0.7556835075700812,0.203602775894673,3.711557979744876,0.0019043534542965007,13.418977440594766,0.010719441340337754
Jyske Bank,2021,18.2,30685,134212,413465,455,2763,-218,3734,8776,5443,504100,5042,3176,5432,188181,647122,38266,9241,1.1,NPL,Share of non-performing loans (net),2021,0.004907884448372949,0.00779142109215882,0.5878151715182339,0.7789875788491196,0.20739829583911534,3.7559979733555866,-4.3245387819877007e-4,13.380290118303945,-0.008280396373072318
Jyske Bank,2022,15.2,58519,208405,419591,479,3008,-605,5401,11298,4741,557383,5897,3752,5584,220921,749997,40624,9536,1.2,Stage3,"stage 3 loans amounted to 1.2% of loans, advances and guarantees",2022,0.005002686677413376,0.007862698117459136,0.5855704697986577,0.7431803060545575,0.2778744448311127,2.6745183656822054,-0.0010854295879135173,13.527824485504492,0.1056992660186471
Jyske Bank,2023,16.9,74737,218309,439428,501,3079,127,15325,24973,4972,571792,9648,5904,6844,225520,779675,45886,14859,1.1,Stage3,"stage 3 loans amounted to 1.1% of loans, advances and guarantees",2023,0.00757238593003495,0.01237438676371565,0.4605962716198937,0.7333722384326803,0.28,2.619186565831001,2.2210873884209644e-4,13.566632445169432,0.025851165177265933
Jyske Bank,2024,17.6,37392,198860,428802,491,3228,21,16624,25980,4756,584177,9356,5312,6917,229519,750200,50588,14103,1.1,Other,"stage-3 loans amounted to 1.1% of loans, advances and guarantees",2024,0.007080778459077579,0.012471340975739802,0.49046302205204567,0.7786950146627566,0.2650759797387363,2.937629488082068,3.594800890825897e-5,13.528095116629924,0.021659974256373005
KBC Group,2015,14.9,7038,170109,21463,670,2348,-747,2839,7150,5623,143400,4311,2639,3890,89067,252356,15811,7148,8.6,Impaired,Impaired loans ratio,2015,0.010457449000618175,0.01708300971643234,0.5442081701175154,0.5682448604352581,0.6740834376832728,0.8429889071124984,-0.005209205020920502,12.438596067986644,NA
KBC Group,2016,15.8,20148,177730,32659,651,2101,-201,2384,6642,-5094,147526,4258,2427,3948,87782,275200,17357,7211,7.2,Impaired,Impaired loans ratio,2016,0.008819040697674418,0.015472383720930233,0.5474968797670227,0.5360683139534884,0.6458212209302325,0.8300568277724638,-0.0013624716999037457,12.525253385041326,0.02877266387726629
KBC Group,2017,16.3,29727,193968,41227,908,2615,30,2216,6337,4058,154160,4121,2575,4074,92410,292342,18803,7700,6,Impaired,Impaired loans ratio,2017,0.00880817672452128,0.014096503410389202,0.5290909090909091,0.5273275820785245,0.6634968632628907,0.7947702713849707,1.9460300985988584e-4,12.585679628768997,0.04496834456299226
KBC Group,2018,16,18691,194291,34648,737,2456,17,2453,6996,-3523,164824,4543,2570,4234,94875,283808,19633,7512,4.3,Impaired,Impaired loans ratio,2018,0.00905541774720938,0.016007300710339383,0.5636315228966986,0.5807588228661631,0.6845860581801781,0.84833574380697,1.0314031937096539e-4,12.556053232176179,0.06917488323819398
KBC Group,2019,17.1,8356,203369,30185,741,2476,-217,2626,7244,-2855,175431,4618,2489,4303,99071,290735,20365,7629,3.5,Impaired,Impaired loans ratio,2019,0.008561060759798442,0.01588388050974255,0.5640319832219164,0.6034051627770994,0.6994995442585172,0.8626240970846097,-0.0012369535600891518,12.580167478336392,0.0643534922098723
KBC Group,2020,17.6,24583,215430,24877,755,2365,-1182,1797,6264,-3695,180891,4467,1440,4156,102111,320743,21530,7195,3.3,Impaired,Impaired loans ratio,2020,0.004489575766267697,0.013927038158276252,0.5776233495482974,0.5639748957888403,0.6716592411993403,0.8396741400919092,-0.006534321773885931,12.678395458389389,0.031123347640952925
KBC Group,2021,15.5,40653,199476,26617,856,2692,334,1869,6320,-2573,188400,4451,2614,4396,104646,340346,23077,7558,2.9,Impaired,Impaired loans ratio,2021,0.0076804193379678325,0.013077867816868717,0.5816353532680604,0.5535543241289747,0.5860976770698054,0.9444745232509174,0.001772823779193206,12.737718026199426,0.041511186294508784
KBC Group,2022,15.3,51427,224407,28338,957,2804,-154,6064,11226,-2619,205720,5161,2743,4818,109981,355872,20807,8463,2.1,Impaired,Impaired loans ratio,2022,0.007707827533495189,0.014502405359230286,0.5693016660758596,0.5780730150166352,0.6305834682132901,0.916727196566952,-7.485903169356406e-4,12.782326394618568,0.0919320594479831
KBC Group,2023,15.2,34530,216423,43068,642,2991,-215,14697,20170,-2474,202953,5473,3402,5125,113038,346921,24260,11224,2.1,Impaired,Impaired loans ratio,2023,0.009806267132863101,0.01577592593126389,0.4566108339272986,0.5850121497401426,0.6238394331850767,0.9377607740397278,-0.001059358570703562,12.756852367303173,-0.013450320824421547
KBC Group,2024,15,46834,228747,43590,675,3253,-248,14172,19746,-2448,192067,5574,3415,5097,119945,373048,24311,11167,2,Impaired(APM),Impaired loans ratio (APM),2024,0.009154317942999292,0.014941776929510412,0.45643413629443896,0.5148586777036736,0.613183826210032,0.8396481702492273,-0.0012912160860533042,12.829462376673655,-0.053638034421762626
National Bank of Greece,2015,14.6,2208,42959,1106,256,349,-4263,654,2559,-12843,58218,1905,-4227,1301,NA,111232,9824,1972,NA,NA,NA,2015,-0.03800165420023015,0.017126366513233602,0.65973630831643,0.5233925489067894,0.38621080264672036,1.355199143369259,-0.07322477584252293,11.619373389185009,NA
National Bank of Greece,2016,16.3,1501,40459,536,104,296,-809,342,2124,-11457,53100,1782,-2887,1169,NA,78531,7587,2064,NA,NA,NA,2016,-0.03676255236785473,0.02269167589868969,0.5663759689922481,0.6761661000114605,0.5151978199691841,1.3124397538248598,-0.015235404896421846,11.271248730274856,-0.08791095537462645
National Bank of Greece,2017,17,1778,40265,1026,69,309,-811,256,1807,-10239,48180,1551,-443,944,NA,64768,7379,1617,NA,NA,NA,2017,-0.00683979743083004,0.023947010869565216,0.5837971552257266,0.7438858695652174,0.621680459486166,1.1965727058239166,-0.016832710668327106,11.078566933207084,-0.09265536723163836
National Bank of Greece,2018,16.1,5138,43027,1146,92,332,-312,243,1337,-9466,39600,1094,-84,921,NA,65095,5638,1320,NA,NA,NA,2018,-0.0012904216913741456,0.01680620631384899,0.6977272727272728,0.6083416545049543,0.6609877870804209,0.9203523369047343,-0.00787878787878788,11.083603020331497,-0.17808219178082196
National Bank of Greece,2019,16,3502,43648,1365,100,355,-342,247,1433,-5757,34811,1186,-255,NA,NA,64248,5277,1681,NA,NA,NA,2019,-0.003968995143817706,0.01845971859046196,NA,0.5418223135350517,0.6793674511268833,0.7975394061583577,-0.009824480767573468,11.070505873868298,-0.1209343434343434
National Bank of Greece,2020,NA,9175,48504,910,108,364,-1106,206,1375,-2707,29445,1169,38,NA,NA,77485,5079,2522,NA,NA,NA,2020,4.904175001613216e-4,0.015086790991804865,NA,0.3800090340065819,0.6259792217848615,0.6070633349826818,-0.037561555442350146,11.257839648221434,-0.15414667777426672
National Bank of Greece,2021,16.9,15827,53493,912,134,421,-78,149,1361,-1655,31747,1212,867,915,34700,83958,5772,1903,7,NPE,NPE ratio,2021,0.010326591867362253,0.014435789323233045,0.48081975827640566,0.3781295409609567,0.6371399985707139,0.5934795206849495,-0.0024569250637855545,11.338071952783768,0.0781796569876041
National Bank of Greece,2022,16.6,14226,55192,1731,117,464,-280,152,1521,-1493,36555,1369,1120,805,36400,78113,6475,2355,5.2,NPE,NPE ratio,2022,0.014338202347880635,0.017525891977007668,0.34182590233545646,0.4679758810953362,0.7065661285573465,0.6623242498912886,-0.007659690876761045,11.265911775241015,0.15144738085488396
National Bank of Greece,2023,17.8,9015,57126,2323,80,462,-325,522,2785,-1083,34907,2263,1106,928,37700,74584,7652,2760,3.7,NPE,NPE ratio,2023,0.01482891773034431,0.030341628231256034,0.336231884057971,0.4680226321999356,0.7659283492438056,0.6110527605643665,-0.00931045349070387,11.21968128597653,-0.04508275201750789
National Bank of Greece,2024,18.3,5380,57593,3618,84,511,-225,696,3052,-895,37034,2356,1158,1053,37400,74957,8452,2885,2.6,NPE,NPE ratio,2024,0.01544885734487773,0.03143135397627973,0.36499133448873483,0.49406993342849903,0.7683471857198126,0.6430295348393034,-0.00607549819085165,11.224669894766711,0.06093333715300653
Nordea,2015,16.5,35500,193342,201937,1010,4035,-479,3439,8549,-2664,343582,5110,3662,4957,143294,646868,31032,10140,1.62,Impaired,"Impaired loans ratio, basis points",2015,0.005661124062405313,0.007899602391832647,0.4888560157790927,0.5311470037163687,0.2988894179337979,1.7770686141655718,-0.0013941358976896346,13.379897534121282,NA
Nordea,2016,18.4,32099,174028,191750,860,4098,-502,3020,7747,-2426,320113,4727,3766,4800,133157,615659,32410,9927,1.63,Impaired,"Impaired loans ratio, basis points",2016,0.00611702257256046,0.007677951593333322,0.4835297673012995,0.5199517914949672,0.2826694647524035,1.8394338842025422,-0.001568196230706032,13.330448517809852,-0.06830683796007941
Nordea,2017,19.5,43081,172434,179114,863,4232,-369,2909,7575,-2333,312490,4666,3048,5102,125779,581612,33316,9469,1.86,Impaired,"Impaired loans ratio, basis points",2017,0.005240607140155292,0.008022530484240353,0.5388108564790368,0.5372825870167741,0.2964760011829192,1.812229606690096,-0.0011808377868091778,13.27355883772587,-0.02381346586986466
Nordea,2018,15.5,41578,164958,190422,853,3846,-173,2929,7253,2163,236497,4324,3081,4879,155886,551408,32901,9005,1.82,Impaired,"Impaired loans ratio, basis points",2018,0.005587514145605432,0.007841743318921741,0.5418101054969462,0.42889657023474453,0.2991577924150538,1.4336800882648917,-7.315103362833355e-4,13.220230285990343,-0.24318538193222183
Nordea,2019,16.3,35509,168725,193726,920,3931,-536,3334,NA,2328,324909,4318,1542,5986,150215,554848,31528,8635,1.78,Impaired,"Impaired loans ratio, basis points",2019,0.0027791395120825885,0.0077823115519926175,0.6932252460914882,0.5855819972316743,0.3040922919430186,1.9256719514002074,-0.0016496926831820603,13.2264494813444,0.37383983729180503
Nordea,2020,17.1,32955,183431,174309,897,3856,-908,2013,NA,-2448,332209,4515,2265,4643,155440,552160,33740,8466,1.51,Stage3,"Impairment rate, (stage 3) gross, basis points",2020,0.0041020718632280495,0.008176977687626775,0.5484290101582802,0.6016535062300782,0.3322062445667922,1.8110842769215671,-0.002733219148186834,13.22159313833183,0.02246782945378545
Nordea,2021,17,47495,205801,175792,977,4472,-118,1167,NA,-2206,347253,4925,3831,4649,151906,570353,33503,9620,1.28,Stage3,"Impairment rate, (stage 3) gross, bp",2021,0.006716892871607583,0.008635003234838776,0.4832640332640333,0.6088387367121765,0.36083092400671163,1.687324162661989,-3.3980987925230307e-4,13.254010746370325,0.04528474544639072
Nordea,2022,16.4,61815,217464,179803,942,4278,-112,3474,NA,-1673,347387,5664,3595,4903,145299,594844,31404,9796,0.81,Stage3,"Impairment rate, (stage 3) gross, bp",2022,0.006043601347580206,0.009521824209372542,0.5005104124132299,0.5839968126096926,0.3655815642420534,1.5974460140529008,-3.2240699853477533e-4,13.296054465277354,3.858857950831407e-4
Nordea,2023,17,50622,210062,182548,902,3923,-187,12278,NA,1825,346460,7451,4934,5238,138719,584702,31225,11743,0.89,Stage3,"Impairment ratio (stage 3), gross, bp",2023,0.008438486613693813,0.012743243566808391,0.44605296772545344,0.5925411577179487,0.3592633512455918,1.6493225809522902,-5.397448478900883e-4,13.278857594715463,-0.002668493639658376
Nordea,2024,15.8,46562,232435,188136,907,4064,-198,13486,NA,-1605,359183,7594,5059,5330,155850,623355,32436,12084,1.04,Stage3,"Impairment ratio (stage 3), gross, bp",2024,0.008115760682115327,0.012182464245895195,0.44107911287653095,0.5762093830963095,0.3728774133519423,1.545305139071138,-5.51251033595688e-4,13.342871458916855,0.0367228540091209
OP Financial Group,2015,19.5,8581,51941,27706,174,878,78,1460,2486,-494,75686,1026,853,1520,41824,125145,9324,2807,0.42,Other,"Ratio of receivables more than 90 days past due to loan and guarantee portfolio, %",2015,0.0068160933317351876,0.00819848975188781,0.5415033843961524,0.604786447720644,0.4150465460066323,1.4571533085616373,0.0010305736860185502,11.737228344004285,NA
OP Financial Group,2016,20.1,9361,54822,28287,169,1028,77,1141,2200,-506,79111,1058,915,1567,44101,133747,10237,2989,3.2,Other,"Doubtful receivables / loan and guarantee portfolio, %",2016,0.006841274944484736,0.007910457804661038,0.5242556038808966,0.5914973793804721,0.4098933060180789,1.4430520593922147,9.733159737583901e-4,11.803705234600157,0.045252754802737716
OP Financial Group,2017,20.1,12937,57991,26841,145,1073,48,882,1975,-491,82731,1094,854,1773,49216,137242,11121,3115,3.4,Other,"Doubtful receivables / loan and guarantee portfolio, %",2017,0.00622258492298276,0.007971320732720305,0.5691813804173355,0.6028110928141531,0.42254557642704127,1.4266179234708833,5.801936396272255e-4,11.829501069876985,0.04575849123383602
OP Financial Group,2018,20.5,12350,61327,30456,125,1012,-46,805,1974,-525,87606,1175,794,1681,52126,140382,11835,2943,1,Other,"Ratio of non-performing receivables to loan and guarantee portfolio, %",2018,0.005655995782935134,0.008370018948298214,0.5711858647638464,0.6240543659443518,0.43685800173811457,1.4285062044450243,-5.250781909914846e-4,11.852122557226663,0.058925916524640076
OP Financial Group,2019,19.5,11988,63998,34369,139,1075,-87,60,1310,-554,92017,1241,670,1903,55482,147024,12570,3181,1.1,Other,"Ratio of non-performing receivables to loan and guarantee portfolio, %",2019,0.004557079116334748,0.008440798781151377,0.598239547312166,0.6258638045489172,0.43528947654804656,1.437810556579893,-9.454774661203908e-4,11.898351117740667,0.05035043261877048
OP Financial Group,2020,18.9,21827,70940,34706,123,1054,-225,58,1344,-662,94306,1284,641,1839,59720,160207,13112,3103,1.1,Other,"Non-performing receivables / loan and guarantee portfolio, %",2020,0.004001073611015748,0.008014631071051827,0.5926522719948437,0.5886509328556181,0.44280212475110325,1.3293769382576825,-0.0023858503170529977,11.984222008042554,0.024875838160340003
OP Financial Group,2021,18.2,32846,75612,34895,121,1155,-158,34,1441,-715,97662,1409,904,2007,65731,174110,14184,3616,2.4,NPE,"Ratio of non-performing exposures to exposures, %**",2021,0.005192119924185859,0.008092585147320659,0.5550331858407079,0.5609212566768135,0.43427718109241287,1.2916203777178226,-0.001617824742479163,12.067442562360645,0.035586282951243886
OP Financial Group,2022,17.4,35004,77121,37438,121,1126,-115,211,1843,-634,99180,1618,1023,1981,72327,175516,14335,3426,2.34,NPE,"Ratio of non-performing exposures to exposures, %",2022,0.005828528453246428,0.009218532783335991,0.5782253356684179,0.5650766881651815,0.4393958385560291,1.2860310421286032,-0.0011595079653155878,12.075485485823668,0.015543404804325034
OP Financial Group,2023,19.2,19755,76656,37511,130,1038,-269,2609,5480,-882,99517,2871,1642,1716,73495,160391,16262,4775,2.94,NPE,"Ratio of non-performing exposures to exposures, % **",2023,0.010237482152988635,0.017900006858240176,0.3593717277486911,0.6204649886839038,0.47793205354415147,1.2982284491755374,-0.0027030557593175036,11.985369863114656,0.0033978624722725836
OP Financial Group,2024,21.5,18110,77653,33198,128,946,-96,3316,6112,-820,98917,2796,1987,2262,71756,161168,18110,4844,2.64,NPE,"Ratio of non-performing exposures to exposures, %",2024,0.012328750124094113,0.017348356993944207,0.4669694467382329,0.6137508686587908,0.48181400774347266,1.2738335930356843,-9.705106301242456e-4,11.990202578182462,-0.006029120652752851
OTP Bank,2015,13.3,1878960,7984579,239376,43559,257431,318683,251998,802428,-1013620,6373674,550430,63171,465516,6576263,10718848,1233659,754912,16.6,Other,ratio of the more than 90 days past due to the above 360 days past due loans compared to the gross loan portfolio,2015,0.005893450490201932,0.051351600470498325,0.616649357805943,0.5946230415805878,0.7449101806462785,0.7982479727484693,0.04999989017323447,16.187514245145834,NA
OTP Bank,2016,13.5,1625357,8540583,146900,49244,272235,93473,169962,689691,-944273,6639754,519729,202452,456098,6730463,11307665,1420649,736315,13.9,Other,ratio of the more than 90 days past due to the above 360 days past due loans compared to the gross loan portfolio,2016,0.017903961604805237,0.04596253956939828,0.6194332588633941,0.5871905472968999,0.7552914770644514,0.777435685596639,0.014077780592473757,16.24099137231257,0.04174672253397338
OTP Bank,2017,12.7,1198045,10233471,250320,54413,315606,-40848,112759,666515,-738796,7726630,553756,281339,499450,8389925,13190228,1640055,804945,9.01,Other,ratio of the more than 90 days past due to the above 360 days past due loans compared to the gross loan portfolio,2017,0.021329350789084163,0.04198229173900557,0.6204771754591929,0.5857844155536963,0.7758373092565193,0.7550351195601179,-0.005286651489718027,16.394986810366692,0.16369220907883042
OTP Bank,2018,13.6,1547272,11285085,417966,60405,338081,-39287,133235,757958,-685364,8751957,624723,318322,573281,9464463,14590288,1826657,881726,3.74,Other,NA,2018,0.021817389759544156,0.042817729163399654,0.6501804415430644,0.599848131853189,0.7734655409132432,0.7755331040927029,-0.00448893887389986,16.49586665985178,0.1327004140226722
OTP Bank,2019,13.9,1784378,15171308,393167,72903,413348,-49120,197095,894144,-706907,12553167,697049,412582,641217,14262200,20121767,2291288,1077728,4.23,Other,NA,2019,0.020504262871148444,0.034641540178852084,0.5949710873244455,0.6238600715334791,0.753974936694178,0.8274281294664902,-0.0039129567861241705,16.817312722401223,0.43432685969549434
OTP Bank,2020,15.4,2432312,17890863,464213,88896,486529,-200315,195216,977887,-829543,12504385,782671,259636,707667,15046888,23335841,2537112,1169920,9.01,Other,NA,2020,0.011126061409143129,0.0335394383257925,0.6048849493982494,0.5358446262982337,0.7666688764291804,0.698925758919511,-0.016019580331219807,16.965500976999454,-0.0038860313098678656
OTP Bank,2021,17.5,2556035,21068644,436325,111939,554113,-47645,243149,1117459,-851994,14345177,874310,456428,747612,16691313,27553384,3036766,1312092,3.74,Other,NA,2021,0.01656522480142548,0.03173149258181863,0.5697862649875162,0.5206321299772108,0.7646481463039168,0.680878038472718,-0.0033213253485823145,17.131635917236032,0.14721171812928024
OTP Bank,2022,16.1,4221392,25188805,870682,139216,739576,-210458,912709,2004023,-966360,17060818,1091314,347081,975148,20405325,32804210,3322312,1661699,5.48,Stage3,ratio of Stage 3 + POCI loans compared to gross loans,2022,0.010580379774425296,0.03326749828756736,0.5868379291315695,0.5200801360557075,0.7678528152331667,0.6773174829056003,-0.012335750841489546,17.306067418776284,0.18930690084897517
OTP Bank,2023,16.6,7125049,28332431,2095548,169316,861309,-79281,1561558,2948264,-894031,18570564,1386706,990459,1074337,23700275,39609144,4094793,2243109,4.58,Stage3,Derived from Stage 3 + POCI loans / Loans at amortized cost gross total,2023,0.025005816838657255,0.03500974421461873,0.478949975235265,0.4688453757041556,0.7153002599601749,0.6554525448239863,-0.00426917566962425,17.494570558660218,0.08849200548297276
OTP Bank,2024,18.9,6079012,31658189,2593124,203332,1045987,-109142,1336782,3082122,-917734,21208115,1745340,1076140,1212774,25576775,43419128,5120013,2643575,4.23,Stage3,Derived from Stage 3 + POCI loans / Loans at amortized cost gross total,2024,0.024784928891248115,0.040197490838599984,0.45876284955032487,0.4884509656665606,0.7291300046375874,0.6699092926635822,-0.0051462376547845015,17.586410639301654,0.14202858890015402
PKO Bank Polski SA Group,2015,13.27,13743.864,195758.461,9432.973,747.702,3598.33,-1475.918,2629.168,9657.763,-8287.209,198700.917,7028.595,2601.253,6036.27,NA,266939.919,30264.913,10664.823,6.6,Impaired,share of impaired loans,2015,0.009744713378743478,0.02633025074080434,0.5659981417413116,0.744365690018809,0.7333427751583307,1.0150310540089502,-0.007427836883108094,12.49477888958912,NA
PKO Bank Polski SA Group,2016,14.51,13325,205066,14493,886,3579,-1622,2209,9964,-8002,208609,7754,2876,5590,NA,285572,32568,11790,5.9,Impaired,share of impaired loans,2016,0.010071015365652095,0.027152521955934057,0.4741306191687871,0.7304952866527531,0.7180886081268472,1.0172773643607425,-0.007775311707548572,12.562249465425722,0.049864304350442534
PKO Bank Polski SA Group,2017,NA,17810,218800,23932,949,3918,-1620,2313,10919,-7823,213452,8606,3109,5784,NA,296912,36256,12563,5.5,Impaired,Share of impaired loans,2017,0.010471116020908552,0.028985019130247345,0.4603995860861259,0.7189066120601391,0.7369186829767742,0.9755575868372943,-0.007589528324869291,12.60119107758412,0.023215681010886335
PKO Bank Polski SA Group,2018,17.54,22925,242816,28627,1029,4042,-1373,2241,11594,-8204,223115,9353,3742,5905,NA,324255,39101,13347,4.9,Impaired,Share of impaired exposures,2018,0.011540300072473825,0.028844582196111086,0.4424215179441073,0.6880849948343125,0.748842731800589,0.9188644899841856,-0.0061537772000986035,12.689285522260263,0.04527013098963706
PKO Bank Polski SA Group,2019,17.16,14677,258199,31148,1083,4130,-1147,2481,12760,-7221,230365,10279,4032,5611,NA,348044,41578,14670,4.1,Impaired,Share of impaired loans,2019,0.011584742159037363,0.02953362218570066,0.38248125426039536,0.6618847042327981,0.7418573513693671,0.8921994275733058,-0.0049790549779697435,12.760084187545765,0.032494453532931455
PKO Bank Polski SA Group,2020,16.99,7474,282356,32098,1049,4953,-2174,1455,11801,-8824,225414,10346,-2561,5983,NA,376966,39911,14447,4.38,Stage3,"Note: This calculation is based on the amortized cost portfolio, as Stage 3 data for fair value loans was not separately reported as a ""gross"" figure for 2020",2020,-0.006793716144161542,0.02744544600839333,0.4141344223714266,0.5979690476064154,0.7490224582588351,0.7983326013968182,-0.009644476385672585,12.839910276686783,-0.021491980118507614
PKO Bank Polski SA Group,2021,17.03,11587,322296,23872,1165,5596,-1309,686,10568,-8688,238430,9882,4873,6174,NA,418086,37693,15090,3.91,Stage3,9 332 (Stage 3) ÷ 238 430 (Total Gross) = 0.03913,2021,0.011655496715986664,0.023636285357558014,0.40914512922465207,0.5702893663026267,0.7708844591782552,0.7397857869784298,-0.0054900809461896575,12.943442431971782,0.057742642426823476
PKO Bank Polski SA Group,2022,16.65,15917,339582,15510,1564,6515,-1501,8327,20140,-9748,237912,11813,3333,7850,NA,430683,35435,17272,3.74,Stage3,Calculated: Stage 3 / Total Gross,2022,0.007738870584629531,0.027428526317500344,0.45449282075034736,0.552406294188533,0.7884731925801576,0.7006025054331502,-0.006309055449073607,12.973127599634008,-0.0021725454011659595
PKO Bank Polski SA Group,2023,17.77,17813,399193,17201,1675,6301,-1265,12899,31217,-10206,255984,18318,5505,7635,NA,501516,45227,24132,3.52,Stage3,Calculated: Stage 3 / Total Gross (amortized cost),2023,0.010976718589237431,0.036525255425549734,0.31638488314271507,0.5104204053310363,0.7959726110433166,0.6412537293990626,-0.0049417151071942,13.125390790162335,0.0759608594774539
PKO Bank Polski SA Group,2024,17.39,23494,419778,23457,1667,6787,-966,9986,32139,-9185,273173,22153,9304,8487,NA,525225,52370,28736,3.82,Stage3,Calculated: (Stage 3 + POCI) / Total Gross,2024,0.017714312913513258,0.04217811414155838,0.29534381959910916,0.5201066209719644,0.7992346137369699,0.6507558757247879,-0.0035362206367393558,13.171582021191828,0.06714872804550276
SEB,2015,18.8,101429,883785,639444,5463,22340,-883,18788,37726,-4878,1416806,18938,16581,22187,570840,2495964,142798,44148,0.6,NPL,NPL per cent of lending,2015,0.006643124660451833,0.007587449177952887,0.5025595723475582,0.5676387960723792,0.35408563585051706,1.6031116165130659,-6.232328208660889e-4,14.730185585290519,NA
SEB,2016,18.8,151078,962028,668880,5872,22500,-993,16464,35202,-4789,1508335,18738,10618,27761,609959,2620646,140976,43771,0.5,NPL,NPL per cent of lending,2016,0.004051672755496164,0.0071501454221592695,0.634232711155788,0.5755584691713417,0.36709574662125294,1.567870165941116,-6.583418139869459e-4,14.77893141023065,0.06460235205102172
SEB,2017,19.4,177222,1004721,614033,5472,23196,-808,16580,36472,-4476,1523995,19893,16244,21936,610819,2559596,143925,45609,0.54,NPL,NPL per cent of lending,2017,0.006346314027682494,0.007771929632645152,0.4809577057159771,0.5954045091491001,0.39253108693715727,1.5168340265606073,-5.30185466487751e-4,14.755359991502042,0.010382308969824283
SEB,2018,17.6,209115,1111390,680670,5654,24018,-1166,18277,39299,-5813,1631237,21022,23134,21940,716498,2567516,148789,45868,0.5,Stage3,"Stage 3 loans/Total loans, gross, %",2018,0.00901026517458898,0.008187680232567197,0.47832911833958314,0.6353366444454485,0.4328658516636313,1.4677448960310961,-7.147949684809748e-4,14.758449452508374,0.07036899727361301
SEB,2019,17.6,146691,1161485,858173,5467,24176,-2294,18772,41722,-6912,1706885,22950,20177,22945,745637,2856648,155700,50134,0.67,Stage3,"Stage 3 loans/Total loans, gross, %",2019,0.007063173341622769,0.008033891470002604,0.4576734351936809,0.5975132392930456,0.40659017141768955,1.4695712815920998,-0.001343968691505286,14.8651594674621,0.0463746224490984
SEB,2020,21,323776,1371227,749502,4870,22933,-6118,12435,37578,-9512,1718057,25143,15746,22747,725560,3040432,171943,49717,0.87,Stage3,"Stage 3 loans / Total loans – gross, %",2020,0.005178869318570519,0.00826954853783936,0.45752961763581873,0.5650700295221205,0.45099742405026655,1.252934051036043,-0.00356099943133435,14.927510168549565,0.006545256417392009
SEB,2021,19.7,439344,1597449,730106,4987,26129,-510,6904,33225,-8786,1844932,26321,25423,23245,787490,3304230,193228,54614,0.53,Stage3,"Stage 3 loans / Total loans – gross, %",2021,0.0076940769861662175,0.007965849834908587,0.42562346651041855,0.5583545939598635,0.4834557521722156,1.1549238817639875,-2.7643295254242434e-4,15.01071402379096,0.07384795731457094
SEB,2022,19,377966,1701687,795149,6064,27637,-2007,22707,56150,-8613,2058321,33443,26989,25044,859320,3532810,204523,64589,0.33,Stage3,"Stage 3 loans / Total loans – gross, %",2022,0.007639527741373014,0.009466402099178841,0.3877440431033148,0.5826299744396104,0.4816808716007937,1.2095767317961528,-9.750665712490909e-4,15.077604146236794,0.115662257470736
SEB,2023,19.1,312373,1611651,867838,6293,27962,-962,87868,135394,-7999,2043860,47526,38116,27449,891992,3608218,221775,80193,0.37,Stage3,"Stage 3 loans / Total loans – gross, %",2023,0.010563663281985734,0.013171598833551632,0.3422867332560198,0.5664458189610495,0.4466612050602264,1.2681777878709473,-4.706780307848874e-4,15.09872457962539,-0.007025629141421574
SEB,2024,17.6,271894,1680565,898841,7181,31285,886,104152,149403,-6480,2128343,45251,35865,30949,947860,3759028,231148,81887,0.47,Stage3,"Stage 3 loans / Total loans – gross, %",2024,0.009541030287616905,0.012037952364281405,0.37794765957966464,0.5661950376533508,0.4470743500713482,1.266444915846754,4.162862846824971e-4,15.139670971308144,0.04133502294677727
Societe Generale,2015,NA,78565,379631,106412,3466,10144,-3065,16125,25431,NA,420036,9306,4395,16893,NA,1334391,62675,25639,NA,NA,NA,2015,0.0032936373221941696,0.006973967899963354,0.6588790514450642,0.31477730290447103,0.28449757230077244,1.10643229873219,-0.007296993591025531,14.103985565959558,NA
Societe Generale,2016,11.5,96186,421002,102202,3417,10116,-2091,15193,24660,NA,440874,9467,4338,16817,355478,1382241,65706,25298,5,Other,Gross doubtful loans ratio,2016,0.0031383818017263272,0.006849022710222023,0.6647561072021504,0.3189559563057383,0.30457930274098366,1.0472016760015392,-0.0047428516991249205,14.139216653055813,0.04961003342570636
Societe Generale,2017,11.4,114404,410633,103235,3417,10504,-1349,13263,23679,NA,437403,10416,2806,17838,353306,1275128,64037,23954,4.4,Other,Gross doubtful loans ratio,2017,0.002200563394420011,0.008168591702166371,0.7446772981547967,0.3430267392763707,0.322032768475008,1.0651920327884024,-0.0030841123631982405,14.058557123692571,-0.007872997727241815
Societe Generale,2018,10.9,96585,416818,116339,3600,9124,-1005,11659,22678,-11435,458327,11019,4556,17931,376049,1309428,65809,25205,3.6,Other,Gross doubtful loans ratio,2018,0.0034793818369547617,0.008415124772037867,0.7114064669708391,0.35002077242887736,0.31832067131602504,1.0995854305716164,-0.002192757572650095,14.085100958600425,0.04783689183659012
Societe Generale,2019,12.7,102311,418612,125168,3811,9068,-1278,12527,23712,-10727,460587,11185,3946,17727,345010,1356303,68570,24671,3.2,Other,GROSS DOUBTFUL LOANS RATIO,2019,0.0029093793938375126,0.008246682341630151,0.7185359328766568,0.33959004735667475,0.3086419480012947,1.100271850783064,-0.002774720085456168,14.120273173848382,0.004930977228049027
Societe Generale,2020,13.4,168179,456059,138957,3612,8529,-3306,10248,20721,-11601,459933,10473,196,16714,352400,1461952,66979,22113,3.3,Other,gross doubtful outstandings ratio,2020,1.340673291599177e-4,0.00716370988924397,0.7558449780672003,0.31460198419647156,0.3119521023946067,1.0084945149640727,-0.0071880034700706405,14.195283087015541,-0.001419927179881375
Societe Generale,2021,13.6,179969,509133,135324,3842,9162,-700,9872,20590,-11357,507917,10718,6338,17590,363371,1464449,70863,25798,2.9,Other,GROUP GROSS NON PERFORMING LOANS RATIO*,2021,0.004327907629422397,0.007318793621355199,0.6818358012249012,0.34683147040286144,0.34766181683349845,0.9976116260387757,-0.0013781779306461489,14.196989620471477,0.1043282391130882
Societe Generale,2022,13.49,207013,530764,133176,4161,9335,-1647,17552,28838,-10634,517479,11286,2947,18630,360464,1486818,72782,28059,2.8,Other,GROUP GROSS NON PERFORMING LOANS RATIO*,2022,0.001982085231682694,0.007590707134296195,0.66395808831391,0.3480446160861652,0.35697980519471784,0.9749700431830343,-0.0031827378502316036,14.21214882386948,0.0188259105326265
Societe Generale,2023,13.1,223048,541677,160506,4475,10063,-1025,42777,53087,-10070,495666,10310,3449,18524,388800,1554045,76247,25104,2.9,Other,Group Gross non performing loans ratio (2),2023,0.0022193694519785463,0.0066342995215711255,0.7378903760356915,0.31895215389515746,0.3485594046504445,0.9150582358121168,-0.0020679247719230286,14.256371767019425,-0.04215243517128231
Societe Generale,2024,13.3,201680,531675,162200,4591,10817,-1530,45127,55019,-8445,463143,9892,5129,18472,390000,1573545,79588,26788,2.81,NPL,The gross non-performing loan ratio,2024,0.0032595191113060002,0.006286442395991217,0.689562490667463,0.2943309533569107,0.3378835686300678,0.8711017068697983,-0.0033035153289588744,14.26884159374306,-0.06561474864122208
SpareBank 1 SMN,2015,13.6,3270,64090,35154,135,1245,169,2159,4031,-559,93974,1872,1406,1931,89465,131914,13904,3876,0.47,Other,Total problem loans (defaulted and doubtful) [as %] of gross loans,2015,0.010658459299240414,0.01419106387494883,0.4981940144478844,0.7123883742438255,0.48584683960762315,1.4662817912310813,0.001798369761849022,11.789905474088767,NA
SpareBank 1 SMN,2016,14.9,315,67168,36317,133,1251,516,1714,3597,-971,102325,1883,1647,2003,88788,138080,15299,4506,1.23,Other,Total problem loans (defaulted and doubtful) [as %] of gross outstanding loans,2016,0.011927867902665121,0.01363702201622248,0.44451841988459834,0.741055909617613,0.48644264194669756,1.523418889947594,0.005042755924749572,11.835588506317254,0.08886500521420815
SpareBank 1 SMN,2017,14.9,3313,76476,42194,168,1390,341,1600,3825,-1112,112071,2225,1828,2369,93474,153254,17510,4989,0.99,Other,Total problem loans (defaulted and doubtful) [as %] of gross outstanding loans,2017,0.011927910527620813,0.014518381249429052,0.4748446582481459,0.7312761820246128,0.4990147076095893,1.4654401380825357,0.003042713993807497,11.939851954599755,0.09524554116784745
SpareBank 1 SMN,2018,14.6,NA,80615,45537,168,1387,263,1655,4057,-744,120473,2403,2090,2624,101168,160704,18686,5337,1,Other,Overall problem loans (defaulted and doubtful) [as %] of gross outstanding loans,2018,0.013005276782158503,0.014952956989247312,0.49166198238710884,0.7496577558741537,0.5016365491835922,1.4944241146188675,0.0021830617648767774,11.987319442517256,0.0749703313078316
SpareBank 1 SMN,2019,17.2,761,85917,47882,193,1437,299,1939,4626,-998,125717,2687,2563,2797,92036,166662,20420,6178,1.26,Other,Overall problem loans (defaulted and doubtful) [as %] of gross outstanding loans,2019,0.01537843059605669,0.01612245142864,0.45273551311103916,0.7543231210473893,0.5155164344601649,1.4632377759931097,0.002378357740003341,12.023723088344212,0.0435284254563264
SpareBank 1 SMN,2020,18.3,2764,97529,51098,207,1510,951,1439,4197,-1517,134648,2759,1978,2952,93096,187912,21310,6281,1.23,Other,Overall problem loans (defaulted and doubtful) [as %] of gross outstanding loans,2020,0.010526203754949125,0.014682404529779897,0.469988855277822,0.7165481714845247,0.519014219421857,1.3805944898440463,0.007062860198443348,12.143729047119672,0.07104051162531722
SpareBank 1 SMN,2021,18,1252,111286,40332,207,1583,161,1120,3916,-1410,147301,2796,2902,2993,98664,198845,23241,6655,1.68,Stage3,"Problem loans (Stage 3) [as %] of gross outstanding loans, including loans sold",2021,0.014594281978425407,0.014061203449923306,0.44973703981968444,0.7407830219517715,0.5596620483291006,1.32362561328469,0.001093000047521741,12.200280905738364,0.09397094646782733
SpareBank 1 SMN,2022,18.9,1171,122010,47474,186,1446,-7,2588,5927,1121,152629,3339,2785,2443,104716,223312,25009,5760,0.97,Stage3,Problem loans (Stage 3) [as %] of gross outstanding loans; Loans and advances to customers at Stage 3 in percentage of gross loans,2022,0.012471340545962599,0.014952174536075087,0.42413194444444446,0.6834787203553773,0.5463656229848821,1.250954839767232,-4.586284388943124e-5,12.316325175748425,0.03617083387078157
SpareBank 1 SMN,2023,18.8,1172,132888,45830,199,1370,14,6631,11262,-943,169862,4632,3688,3017,114633,232717,28597,7515,0.88,Stage3,"Problem loans (Stage 3) [as %] of gross utstanding loans, including loans sold",2023,0.015847574521844127,0.01990400357515781,0.4014637391882901,0.7299079998453056,0.5710283305474031,1.2782343025705858,8.241984669908514e-5,12.357578402058149,0.11290776982093842
SpareBank 1 SMN,2024,18.3,654,140897,56074,224,1611,176,8187,13560,848,180102,5373,4591,3300,122622,247699,30523,9123,0.89,Stage3,"Loans in Stage 3 [as %] of gross outstanding loans, including loans sold to the captive mortgage companies",2024,0.018534592388342302,0.021691649946103942,0.36172311739559354,0.7271002305217219,0.5688234510434035,1.278252908152764,9.772240175011937e-4,12.419969578327597,0.060284230728473664
SpareBank 1 SR-Bank,2015,13.3,931,89444,71979,78,1605,420,3159,5752,833,155190,2593,1746,1863,119124,192049,16914,4429,0.55,Other,Non-performing commitments as % of gross loans,2015,0.009091429791355332,0.013501762571010524,0.4206367125762023,0.8080750225202943,0.4657353071351582,1.735052099637762,0.0027063599458728013,12.165505826783145,NA
SpareBank 1 SR-Bank,2016,14.7,1079,85914,79183,72,1511,778,2692,5563,1266,157638,2871,1755,2032,116651,193408,18288,4968,0.68,Other,Non-performing commitments as a % of gross loans,2016,0.009074081733951026,0.014844267041694243,0.40901771336553944,0.8150541859695566,0.44421120119126406,1.834834834834835,0.004935358225808498,12.172557226192357,0.01577421225594433
SpareBank 1 SR-Bank,2017,15.1,207,95384,90497,79,1597,543,2585,5747,1317,172554,3162,2086,2167,120186,216618,19889,5320,0.32,Other,Non-performing commitments as a % of gross loans,2017,0.009629855321349103,0.0145971248926682,0.40733082706766915,0.7965820014957206,0.44033275166422,1.8090455422293048,0.0031468409889078204,12.285890712589282,0.09462185513645194
SpareBank 1 SR-Bank,2018,14.72,717,98814,103485,87,1519,324,2835,6274,1227,192105,3439,2296,2229,130869,234061,21585,5445,1.53,Other,Loans in Band 3 as a % of gross loans,2018,0.009809408658426649,0.014692751034986606,0.409366391184573,0.8207475828950572,0.4221719978979839,1.944107110328496,0.0016865776528460997,12.363337044128414,0.1133036614624987
SpareBank 1 SR-Bank,2019,17,104,103106,116164,111,1516,235,3756,7743,1426,207114,3987,3124,2478,109513,255895,24834,6530,1.56,Stage3,Loans in Stage 3 as a % of gross loans,2019,0.012208132241739776,0.015580609234256238,0.37947932618683,0.8093710310869693,0.4029230739170363,2.0087482784707,0.0011346408258253908,12.452522483074619,0.07812914812212068
SpareBank 1 SR-Bank,2020,18.3,68,118170,127163,111,1501,2.03,2811,6953,2215,219181,4142,1.59,2386,121262,287049,26393,6237,1.9,Stage3,Gross loans and financial liabilities classified as Stage 3,2020,5.539123982316608e-6,0.014429592160223517,0.38255571588904924,0.7635664990994568,0.41167187483670037,1.854793940932555,9.261751702930453e-6,12.567408211876076,0.058262599341425414
SpareBank 1 SR-Bank,2021,17.4,78,137664,122276,90,1801,192,2196,6186,1721,230299,3.99,3156,2714,127112,304402,27179,6744,1.46,Stage3,Gross loans and financial liabilities classified as Stage 3,2021,0.010367868805066984,1.3107666835303317e-5,0.4024317912218268,0.7565620462414833,0.4522440719837583,1.6729064969781497,8.336988002553202e-4,12.626104475250317,0.05072519972077871
SpareBank 1 SR-Bank,2022,17.42,76,148100,135353,87,1836,5,4883,9399,1685,252957,4516,3378,2825,127529,345931,28889,7042,1.35,Stage3,Loans and financial liabilities in Stage 3 as a % of gross loans and financial liabilities.,2022,0.009764953126490544,0.013054626500660537,0.40116444191990913,0.7312354197802452,0.4281200586244078,1.7080148548278191,1.976620532343442e-5,12.75399461218734,0.09838514279263055
SpareBank 1 SR-Bank,2023,17.61,88,149076,155.37,111,2.04,-232,12378,18515,1244,272001,6136,4475,3299,146371,362186,33561,8745,1.01,Stage3,Loans and financial liabilities in Stage 3 as a % of gross loans and financial commitments,2023,0.01235553003153076,0.016941571457759274,0.37724413950829044,0.7509981059455639,0.41160066926938094,1.8245794091604282,-8.529380406689681e-4,12.799913171006338,0.07528552283589707
SpareBank 1 SR-Bank,2024,18.01,119,204006,203389,116,2392,387,16298,23815,-1572,375678,7517,5193,3936,210950,479336,52637,10739,0.6,Stage3,Loans and financial liabilities in Stage 3 as a % of gross loans and financial commitments,2024,0.010833736669058864,0.01568211025251598,0.36651457305149454,0.7837466829113607,0.4256012483936112,1.8415046616275992,0.001030137511379426,13.080157091861881,0.3811640398380889
Svenska Handelsbanken,2015,21.2,202630,753855,1245367,1655,10975,-1597,15312,43052,-4816,1871283,27740,16343,18271,473132,2522133,128268,40336,0.21,Impaired,"Proportion of impaired loans, %",2015,0.00647983274474423,0.010998626955834605,0.45297005156683856,0.7419446159262815,0.2988958155656343,2.4822850548182345,-8.534251633772124e-4,14.740615530040381,NA
Svenska Handelsbanken,2016,25.1,199362,829336,1261765,1624,10780,-1724,12007,39950,-4643,1968265,27943,16245,18438,458787,2627580,136381,40763,0.16,Impaired,"Proportion of impaired loans, %",2016,0.006182494919279337,0.01063450018648338,0.4523219586389618,0.7490790004490824,0.3156273072561064,2.3733022562628414,-8.758983165376614e-4,14.781573828462886,0.05182647413565977
Svenska Handelsbanken,2017,22.7,226314,941967,1276595,1821,11539,-1683,12326,42092,-5159,2070920,27766,16102,18980,509032,2766977,141604,41674,0.13,Impaired,"Proportion of impaired loans, %",2017,0.005819347251531184,0.010034778026705679,0.4554398425877046,0.7484413495305526,0.34043181421457425,2.1985058924569545,-8.12682286133699e-4,14.83326594648298,0.05215507058246738
Svenska Handelsbanken,2018,16.8,317217,1008487,1394647,1936,12183,-881,17885,49171,-3801,2192893,31286,17357,20890,707579,2978174,142261,43770,0.22,Stage3,"Proportion of loans in Stage 3, %",2018,0.005828067802619995,0.010505094732544169,0.4772675348412154,0.7363213163502199,0.3386259499948626,2.174438540110086,-4.0175238828342284e-4,14.9068209189947,0.058897977710389515
Svenska Handelsbanken,2019,18.5,327958,1117825,1384961,2065,12762,-1045,22260,54395,-4568,2297171,32135,16925,21743,716462,3069667,159832,44564,0.22,Stage3,"Proportion of loans in Stage 3, %",2019,0.005513627373913848,0.010468562225153412,0.48790503545462705,0.7483453416934149,0.36415187706028046,2.0550363428980387,-4.5490736214239165e-4,14.937079644624811,0.04755270777005527
Svenska Handelsbanken,2020,20.3,397642,1229763,1310737,1835,12621,-781,13902,45508,-3457,2273069,31606,15588,23334,721403,3135288,171473,44248,0.21,Stage3,"Proportion of loans in Stage 3, %",2020,0.0049717920650351735,0.01008073261531317,0.52734586873983,0.7249952795405079,0.3922328666457435,1.8483797284517423,-3.435883380574897e-4,14.958231593858441,-0.010492035638618114
Svenska Handelsbanken,2021,19.4,291584,1286637,1353768,1446,12904,-43,6441,35832,-3178,2417007,29391,19543,19843,773158,3346764,181731,43347,0.22,Stage3,"Proportion of loans in Stage 3, %",2021,0.005839372002328219,0.008781915904437838,0.4577710106812467,0.7221922430144462,0.38444210586704053,1.8785461633700882,-1.779059804129653e-5,15.023504466802164,0.06332319872383985
Svenska Handelsbanken,2022,19.6,475868,1325061,1474801,1296,12399,-47,30797,67407,-2454,2471778,36610,21470,21296,810144,3453716,196030,50249,0.18,Stage3,"Proportion of loans in Stage 3, %",2022,0.0062164926125946665,0.010600176737172368,0.42380942904336405,0.7156865243117848,0.3836624088373219,1.8654069510762146,-1.901465261038815e-5,15.054961310799248,0.022660670821391893
Svenska Handelsbanken,2023,18.8,476171,1298480,1523481,1421,12559,-141,112227,159805,-2395,2436612,47578,29114,23182,836790,3537792,205085,62249,0.24,Stage3,Proportion of loans in Stage 3,2023,0.008229426715872498,0.013448501212055429,0.37240758887692976,0.6887380603495061,0.36703118781432037,1.8765109974739695,-5.7867235325115365e-5,15.079013361696658,-0.014227005823338468
Svenska Handelsbanken,2024,18.8,529995,1310739,1550027,1526,13252,601,124284,171125,-1608,2373695,46841,27456,25209,825457,3539173,210027,62345,0.31,Stage3,Proportion of loans in Stage 3,2024,0.0077577445352346435,0.013235012812315193,0.4043467800144358,0.6706919949943109,0.37035177427042987,1.8109593137916855,2.531917537847112e-4,15.079403641998322,-0.025821509538654475
Swedbank,2015,24.1,186312,748271,826535,5384,16583,594,11990,34983,3381,1417322,22993,15727,16333,389098,2148855,123342,37624,0.4,Impaired,"Share of impaired loans, gross, %",2015,0.007318781397534967,0.010700117039074298,0.43411120561343824,0.6595707946790267,0.34821846983626165,1.8941292660012214,4.191002468034787e-4,14.580445700104857,NA
Swedbank,2016,25,121347,792924,841673,4678,16011,1367,9256,33728,3755,1511002,23664,19539,16441,394135,2154203,129705,41635,0.52,Impaired,"Share of impaired loans, gross, %",2016,0.009070175837653183,0.010985037157593783,0.39488411192506306,0.7014204325219118,0.36808230236426187,1.9056075992150572,9.046976774352383e-4,14.582931375526192,0.06609648336792917
Swedbank,2017,24.6,200371,855609,844204,5336,17366,1285,8382,34494,3886,1539084,24595,19350,16415,408351,2212636,133572,42438,0.55,Impaired,"Share of impaired loans, gross, %",2017,0.008745225152261827,0.011115700910588095,0.386799566426316,0.6955884293666017,0.38669216265124495,1.7988169829910625,8.349121945260947e-4,14.609695122901638,0.018585018418241672
Swedbank,2018,16.3,163161,920750,804360,6131,18967,521,9600,37045,6023,1593511,25228,21162,16835,637882,2246092,137609,44222,0.69,Stage3,"Share of Stage 3 loans, gross, %",2018,0.009421697775514094,0.011231953098982589,0.3806928678033558,0.7094593631961648,0.40993423243571503,1.730666304642954,3.2695099061129797e-4,14.624702375151324,0.03536324203227381
Swedbank,2019,17,195286,954013,855754,6488,19472,1469,9381,35370,6679,1612154,25989,19697,19984,649237,2408228,138633,45960,0.82,Stage3,"Share of Stage 3 loans, gross, %",2019,0.008179042848102423,0.010791752275947294,0.43481288076588337,0.6694357843194249,0.3961472917016163,1.689865861366669,9.112032721439763e-4,14.694401765313946,0.011699323067114076
Swedbank,2020,17.5,293811,1148240,732814,6706,19476,4334,6938,33791,8178,1649080,26853,12929,24560,689594,2594642,155193,45676,0.62,Stage3,"Share of Stage 3 loans, gross, %",2020,0.0049829610404826565,0.010349404657752399,0.5377003240213679,0.6355713042492953,0.44254274770854707,1.4361805894238138,0.0026281320493851115,14.76895910745431,0.022904759718984646
Swedbank,2021,18.3,360153,1265783,735917,7554,22407,170,4107,30364,5666,1708220,26257,20871,20847,707753,2750617,161696,46890,0.37,Stage3,"Share of Stage 3 loans, gross, %",2021,0.0075877521297948785,0.009545858256529352,0.44459373000639796,0.6210315721890761,0.46018147928264824,1.3495362159232664,9.951879734460433e-5,14.82733580811336,0.03586242025856845
Swedbank,2022,17.8,365992,1305948,784206,8160,22383,1479,12141,45298,6023,1848834,33157,21877,21415,809438,2854876,176092,53221,0.31,Stage3,"Share of Stage 3 loans, gross, %",2022,0.0076630298478813095,0.011614164678255727,0.40237876026380565,0.647605710370608,0.4574447366540613,1.4157026160306536,7.999636527670954e-4,14.864538967554596,0.08231609511655402
Swedbank,2023,19,252994,1234262,728548,8732,23820,1674,51438,102372,7132,1819043,50933,34128,24100,847121,2855519,198790,73057,0.43,Stage3,"Share of Stage 3 loans, gross, %",2023,0.011951592687704057,0.017836687481330014,0.3298794092284107,0.6370271043547601,0.4322373621047522,1.4737900056876092,9.202641169010298e-4,14.864764170890869,-0.016113399039610954
Swedbank,2024,19.8,325604,1288609,758199,9352,26067,-268,61353,110621,6250,1805964,49267,34869,25376,871902,3009697,218901,74104,0.65,Stage3,"Share of Stage 3 loans, gross, %",2024,0.01158555163526428,0.01636942190526156,0.34243765518730435,0.6000484434147357,0.42815240205243255,1.4014833048659445,-1.483971995012082e-4,14.917349967206226,-0.0071900444354531245
UniCredit,2015,10.59,10303.334,449790.439,134477.901,1599.083,9417.551,-4081.168,7859.847,19518.305,43256.831,517255.352,11658.458,1694.24,15520.616,390598.859,860433.441,50086.743,22405,15.42,Other,as a percentage of total loans,2015,0.0019690541060688503,0.013549517539032982,0.692730015621513,0.6011567279380068,0.5227486724333393,1.1499918787735726,-0.007890044992709906,13.665191542426554,NA
UniCredit,2016,8.15,13857.831,452419.189,115435.5,1193.19,6778.422,-11929.784,5657.789,15964.8,33538.134,478145.616,10307.011,-11790.094,16842.13,387135.931,859532.774,39335.55,18056.796,11.78,Other,as a percentage of total loans,2016,-0.013716863808616097,0.011991411278053256,0.9327308122659193,0.5562854965667662,0.5263547856291516,1.0568641375642445,-0.024950106412771126,13.664144234549841,-0.07561011374513538
UniCredit,2017,13.73,64493.411,462895.261,98602.632,1271.029,7663.454,-2090.607,4461.65,14759.711,29255.054,476981.967,10298.061,5473.075,12709.267,356100.221,836789.724,59330.617,18146.028,10.15,Other,as a percentage of total loans,2017,0.006540561915408989,0.012306629377298614,0.7003883714937507,0.5700141305750547,0.5531799061624232,1.0304317351825298,-0.004382989598430667,13.637328092102672,-0.0024336707502092825
UniCredit,2018,12.07,30991,478988,81153,895,7651,-2619,3501,14357,25824,497663,10856,3892,10698,370.18,831469,55841,19723,7.67,Other,Group Gross NPEs Ratio,2018,0.004680872046943422,0.013056409800004571,0.5424124119048827,0.5985346417004122,0.5760743936334367,1.0389884506501206,-0.005262597380154844,13.630949294899683,0.04335810246679617
UniCredit,2019,13.22,17305,472967,96301,1288,7606,-3489,4521,14793,19055,501628,10272,3373,12061,378718,855647,61416,18142,5.04,Other,TOTAL NON-PERFORMING (as a percentage of total loans),2019,0.00394204619428339,0.012004950639691368,0.66481093594973,0.5862557807133082,0.552759490771311,1.0605983081272055,-0.006955353369429138,13.659613186892983,0.00796723887449935
UniCredit,2020,15.1,101707,498440,102524,1.15,7651,-4996,3527,12968,16853,467403,9441,-2785,9805,325665,931456,59507,17140,4.5,NPL,non-performing loans as a percentage of total loans to customers,2020,-0.002989942627456369,0.010135744468874537,0.5720536756126021,0.501798259928542,0.5351192112134121,0.9377317229756842,-0.010688848809271656,13.744504232266703,-0.0682278501200092
UniCredit,2021,15.03,148879,476761,88103,1148,7858,-1634,3111,12236,13158,450702,9125,1.54,9797,321992,916712,61452,17954,3.61,Other,as a percentage of total loans (TOTAL NON-PERFORMING),2021,1.6799169204722966e-6,0.009954053181369939,0.5456722735880584,0.49165059473422407,0.5200771889099303,0.9453415862455192,-0.003625455400686041,13.728548634297264,-0.03573147797510923
UniCredit,2022,16.68,103805,511925,84207,1418,8105,-2031,5715,16339,11658,467439,10624,6473,9560,308466,857773,63497,20343,2.68,Other,as a percentage of total loans (TOTAL NON-PERFORMING),2022,0.007546285555735608,0.012385561214913503,0.46994052008061743,0.5449448746929549,0.5968070806612006,0.9131005518386482,-0.0043449519616463326,13.66209477470104,0.03713540210604793
UniCredit,2023,16.14,54082,497394,89845,1643,8247,-661,19571,33919,11695,439648,14348,9507,9471,284548,784974,64079,23843,2.66,NPL,ratio of gross non-performing loans to total loans,2023,0.012111229161730198,0.018278312402703785,0.3972235037537223,0.5600796969071588,0.6336439168685842,0.8839029019248322,-0.0015034755076788703,13.573405875196924,-0.05945374690601346
UniCredit,2024,15.96,41442,468693,97719,1518,9334,-746,7878,22236,11048,418378,14358,9719,9405,277093,785348,64887,24844,2.6,Other,Gross NPEr,2024,0.012375405552697658,0.018282341076821994,0.37856222830462083,0.5327294396878836,0.5967965793508101,0.892648279364104,-0.001783076548002046,13.573882210632677,-0.04837961278113401
